contig.00001	JN024480.1	92.425	5914	417	18	94	5986	1	5904	0.0	8410
contig.00001	JN024480.1	85.584	1755	222	19	6122	7866	6426	8159	0.0	1810
contig.00001	JN024480.1	85.500	200	20	4	7822	8021	8150	8340	1.38e-44	200
contig.00001	JN024480.1	100.000	30	0	0	1	30	8903	8932	0.32	56.5
contig.00001	KJ704793.1	94.904	4867	242	6	1129	5992	1095	5958	0.0	7609
contig.00001	KJ704793.1	89.058	1910	161	22	6121	8021	6458	8328	0.0	2326
contig.00001	KJ704793.1	94.947	950	40	2	188	1132	4	950	0.0	1482
contig.00001	KJ704793.1	94.118	51	3	0	6068	6118	6001	6051	6.72e-08	78.7
contig.00001	KJ704795.1	94.673	4862	253	6	1129	5987	1139	5997	0.0	7540
contig.00001	KJ704795.1	88.522	1908	180	26	6121	8021	6511	8386	0.0	2276
contig.00001	KJ704795.1	92.285	998	73	2	135	1132	1	994	0.0	1463
contig.00001	KJ704795.1	90.196	51	5	0	6068	6118	6048	6098	1.46e-04	67.6
contig.00001	KJ704794.1	94.529	4862	260	6	1129	5987	1090	5948	0.0	7522
contig.00001	KJ704794.1	88.312	1908	185	24	6121	8021	6462	8338	0.0	2261
contig.00001	KJ704794.1	95.253	948	42	1	185	1132	1	945	0.0	1498
contig.00001	KJ704794.1	90.196	51	5	0	6068	6118	5999	6049	1.46e-04	67.6
contig.00001	KJ704791.1	94.487	4861	264	4	1129	5987	1150	6008	0.0	7502
contig.00001	KJ704791.1	88.796	1910	172	22	6121	8021	6516	8392	0.0	2307
contig.00001	KJ704791.1	94.648	1009	49	3	125	1132	1	1005	0.0	1559
contig.00001	KJ704791.1	95.238	42	1	1	6064	6105	6056	6096	5.24e-04	65.8
contig.00001	AY771591.1	94.409	4883	264	9	1129	6005	1145	6024	0.0	7496
contig.00001	AY771591.1	84.110	1932	239	33	6121	8021	6520	8414	0.0	1805
contig.00001	AY771591.1	93.420	1003	63	2	130	1132	1	1000	0.0	1483
contig.00001	AY771591.1	87.719	57	7	0	6070	6126	6059	6115	1.46e-04	67.6
contig.00001	AY781127.1	94.510	4863	249	12	1129	5985	967	5817	0.0	7485
contig.00001	AY781127.1	87.513	1938	174	38	6121	8018	6375	8284	0.0	2176
contig.00001	AY781127.1	93.697	825	49	2	308	1132	1	822	0.0	1232
contig.00001	AY781127.1	100.000	30	0	0	1	30	8832	8861	0.32	56.5
contig.00001	U69588.1	94.467	4862	261	8	1129	5986	1308	6165	0.0	7481
contig.00001	U69588.1	87.690	1909	198	21	6121	8021	6707	8586	0.0	2189
contig.00001	U69588.1	95.230	1132	51	1	1	1132	35	1163	0.0	1788
contig.00001	U69588.1	100.000	63	0	0	1	63	9109	9171	1.43e-19	117
contig.00001	U69588.1	88.235	51	6	0	6068	6118	6235	6285	0.007	62.1
contig.00001	KJ704788.1	94.447	4862	261	8	1129	5987	531	5386	0.0	7474
contig.00001	KJ704788.1	86.667	1395	147	25	6121	7497	5912	7285	0.0	1509
contig.00001	KJ704788.1	95.855	386	16	0	747	1132	1	386	1.92e-172	625
contig.00001	AY835777.1	94.359	4875	267	8	1129	5999	1762	6632	0.0	7472
contig.00001	AY835777.1	88.580	1909	184	15	6121	8021	7131	9013	0.0	2287
contig.00001	AY835777.1	95.406	1132	49	1	1	1132	489	1617	0.0	1799
contig.00001	AY835777.1	99.315	146	1	0	1	146	9558	9703	4.81e-64	265
contig.00001	AY835777.1	92.157	51	4	0	6068	6118	6674	6724	3.13e-06	73.1
contig.00001	MN055643.1	94.388	4865	267	6	1129	5990	1095	5956	0.0	7467
contig.00001	MN055643.1	88.272	1910	191	18	6121	8021	6461	8346	0.0	2255
contig.00001	MN055643.1	94.421	950	49	2	183	1132	5	950	0.0	1458
contig.00001	MN055643.1	90.196	51	5	0	6068	6118	6004	6054	1.46e-04	67.6
contig.00001	KJ704792.1	94.279	4859	272	6	1129	5984	1092	5947	0.0	7465
contig.00001	KJ704792.1	88.604	1913	173	24	6121	8021	6464	8343	0.0	2296
contig.00001	KJ704792.1	95.158	950	42	2	183	1132	2	947	0.0	1500
contig.00001	KJ704792.1	89.091	55	5	1	6064	6118	5998	6051	1.46e-04	67.6
contig.00001	U69587.1	94.385	4862	265	8	1129	5986	1308	6165	0.0	7459
contig.00001	U69587.1	87.847	1909	195	21	6121	8021	6710	8589	0.0	2206
contig.00001	U69587.1	95.230	1132	51	2	1	1132	35	1163	0.0	1788
contig.00001	U69587.1	100.000	63	0	0	1	63	9113	9175	1.43e-19	117
contig.00001	U69587.1	88.235	51	6	0	6068	6118	6235	6285	0.007	62.1
contig.00001	AF042100.1	94.384	4861	267	6	1129	5986	1761	6618	0.0	7459
contig.00001	AF042100.1	85.774	1919	209	35	6147	8021	7180	9078	0.0	1973
contig.00001	AF042100.1	94.537	1135	55	4	1	1132	486	1616	0.0	1746
contig.00001	AF042100.1	97.260	146	3	1	1	146	9623	9767	1.74e-58	246
contig.00001	AF042100.1	90.741	54	5	0	6065	6118	6685	6738	3.13e-06	73.1
contig.00001	U69586.1	94.364	4862	266	8	1129	5986	1308	6165	0.0	7454
contig.00001	U69586.1	87.396	1928	180	29	6121	8021	6707	8598	0.0	2156
contig.00001	U69586.1	94.965	1132	54	1	1	1132	35	1163	0.0	1772
contig.00001	U69586.1	100.000	63	0	0	1	63	9143	9205	1.43e-19	117
contig.00001	U69586.1	88.235	51	6	0	6068	6118	6235	6285	0.007	62.1
contig.00001	KJ704789.1	94.387	4864	251	11	1129	5986	1084	5931	0.0	7450
contig.00001	KJ704789.1	88.128	1912	183	24	6121	8021	6437	8315	0.0	2237
contig.00001	KJ704789.1	95.334	943	40	2	190	1132	1	939	0.0	1495
contig.00001	KJ704789.1	90.196	51	5	0	6068	6118	5974	6024	1.46e-04	67.6
contig.00001	D10112.1	94.360	4858	268	6	1129	5983	1764	6618	0.0	7448
contig.00001	D10112.1	87.740	1925	191	21	6121	8021	7139	9042	0.0	2206
contig.00001	D10112.1	95.141	1132	52	2	1	1132	491	1619	0.0	1783
contig.00001	M93259.1	94.305	4864	269	7	1129	5987	1763	6623	0.0	7441
contig.00001	M93259.1	87.100	1752	184	22	6121	7863	7125	8843	0.0	1945
contig.00001	M93259.1	94.533	1134	57	2	1	1132	488	1618	0.0	1746
contig.00001	M93259.1	97.260	146	4	0	1	146	9566	9711	4.84e-59	248
contig.00001	M93259.1	89.529	191	11	4	7831	8021	8841	9022	1.36e-54	233
contig.00001	M93259.1	90.196	51	5	0	6068	6118	6674	6724	1.46e-04	67.6
contig.00001	AY835778.1	94.231	4871	275	6	1129	5996	1762	6629	0.0	7433
contig.00001	AY835778.1	87.167	1917	199	26	6121	8021	7128	9013	0.0	2134
contig.00001	AY835778.1	95.230	1132	51	2	1	1132	489	1617	0.0	1788
contig.00001	AY835778.1	99.315	146	1	0	1	146	9558	9703	4.81e-64	265
contig.00001	AY835778.1	95.238	42	2	0	6063	6104	6666	6707	1.46e-04	67.6
contig.00001	JF689859.1	94.262	4862	273	6	1129	5987	967	5825	0.0	7428
contig.00001	JF689859.1	88.297	1914	177	22	6121	8021	6327	8206	0.0	2250
contig.00001	JF689859.1	94.182	825	45	1	308	1132	1	822	0.0	1254
contig.00001	JF689859.1	90.385	52	5	0	6067	6118	5863	5914	4.05e-05	69.4
contig.00001	EF363124.1	94.240	4861	276	4	1129	5987	1762	6620	0.0	7422
contig.00001	EF363124.1	88.023	1912	198	21	6121	8021	7134	9025	0.0	2233
contig.00001	EF363124.1	94.788	1132	56	2	1	1132	489	1617	0.0	1760
contig.00001	EF363124.1	99.315	146	1	0	1	146	9570	9715	4.81e-64	265
contig.00001	EF363124.1	87.273	55	6	1	6064	6118	6668	6721	0.007	62.1
contig.00001	ON015197.1	94.222	4863	275	6	1129	5988	881	5740	0.0	7419
contig.00001	ON015197.1	86.200	1942	195	25	6121	8021	6301	8210	0.0	2034
contig.00001	ON015197.1	94.858	739	35	2	394	1132	1	736	0.0	1151
contig.00001	U69584.1	94.200	4862	274	8	1129	5986	1308	6165	0.0	7409
contig.00001	U69584.1	88.125	1920	184	23	6121	8021	6716	8610	0.0	2242
contig.00001	U69584.1	95.406	1132	49	1	1	1132	35	1163	0.0	1799
contig.00001	U69584.1	100.000	63	0	0	1	63	9155	9217	1.43e-19	117
contig.00001	U69584.1	88.235	51	6	0	6068	6118	6235	6285	0.007	62.1
contig.00001	AY835770.1	94.179	4862	277	6	1129	5987	1762	6620	0.0	7406
contig.00001	AY835770.1	87.175	1926	209	22	6121	8021	7128	9040	0.0	2154
contig.00001	AY835770.1	94.965	1132	54	1	1	1132	489	1617	0.0	1772
contig.00001	AY835770.1	98.630	146	2	0	1	146	9585	9730	2.24e-62	259
contig.00001	AY835770.1	90.196	51	5	0	6068	6118	6671	6721	1.46e-04	67.6
contig.00001	AY835755.1	94.181	4863	275	8	1129	5987	1762	6620	0.0	7406
contig.00001	AY835755.1	87.220	1917	192	33	6121	8021	7131	9010	0.0	2134
contig.00001	AY835755.1	94.788	1132	56	1	1	1132	489	1617	0.0	1760
contig.00001	AY835755.1	99.315	146	1	0	1	146	9555	9700	4.81e-64	265
contig.00001	AY835755.1	97.297	37	1	0	6068	6104	6674	6710	0.002	63.9
contig.00001	U69585.1	94.181	4863	273	10	1129	5986	1308	6165	0.0	7404
contig.00001	U69585.1	87.795	1909	196	21	6121	8021	6707	8586	0.0	2200
contig.00001	U69585.1	95.053	1132	53	1	1	1132	35	1163	0.0	1777
contig.00001	U69585.1	100.000	63	0	0	1	63	9109	9171	1.43e-19	117
contig.00001	U69585.1	88.235	51	6	0	6068	6118	6235	6285	0.007	62.1
contig.00001	AY835781.1	94.179	4862	275	8	1129	5986	1762	6619	0.0	7404
contig.00001	AY835781.1	88.315	1917	183	27	6121	8021	7131	9022	0.0	2261
contig.00001	AY835781.1	94.788	1132	56	1	1	1132	489	1617	0.0	1760
contig.00001	AY835781.1	99.315	146	1	0	1	146	9567	9712	4.81e-64	265
contig.00001	AY835781.1	97.297	37	1	0	6068	6104	6674	6710	0.002	63.9
contig.00001	M93258.1	94.161	4864	277	6	1129	5987	1760	6621	0.0	7402
contig.00001	M93258.1	85.412	1940	202	40	6121	8021	7123	9020	0.0	1940
contig.00001	M93258.1	94.533	1134	57	2	1	1132	485	1615	0.0	1746
contig.00001	M93258.1	97.260	146	4	0	1	146	9561	9706	4.84e-59	248
contig.00001	M93258.1	90.196	51	5	0	6068	6118	6672	6722	1.46e-04	67.6
contig.00001	FJ647145.1	94.106	4869	285	2	1129	5996	1003	5870	0.0	7400
contig.00001	FJ647145.1	86.328	1931	198	33	6121	8021	6375	8269	0.0	2043
contig.00001	FJ647145.1	94.657	861	43	1	272	1132	1	858	0.0	1332
contig.00001	PV345784.1	94.144	4867	269	11	1129	5987	3249	8107	0.0	7395
contig.00001	PV345784.1	87.630	1924	191	25	6121	8021	8610	10509	0.0	2191
contig.00001	PV345784.1	95.495	1132	48	1	1	1132	1976	3104	0.0	1805
contig.00001	PV345784.1	99.315	146	1	0	1	146	11054	11199	4.81e-64	265
contig.00001	PV345784.1	89.286	56	6	0	6068	6123	8152	8207	1.13e-05	71.3
contig.00001	ON816077.1	94.020	4883	281	10	1129	6007	1055	5930	0.0	7389
contig.00001	ON816077.1	87.936	1923	179	27	6121	8021	6424	8315	0.0	2217
contig.00001	ON816077.1	94.042	856	45	2	280	1132	58	910	0.0	1293
contig.00001	ON816077.1	98.684	76	1	0	1	76	8860	8935	3.93e-25	135
contig.00001	ON816077.1	96.970	66	2	0	185	250	1	66	6.63e-18	111
contig.00001	MZ662575.1	94.164	4866	256	28	1127	5980	1041	5890	0.0	7387
contig.00001	MZ662575.1	86.352	1927	196	49	6121	8021	6417	8302	0.0	2039
contig.00001	MZ662575.1	92.711	878	57	6	257	1132	26	898	0.0	1260
contig.00001	MZ662575.1	98.684	76	1	0	1	76	8861	8936	3.93e-25	135
contig.00001	AY835771.1	94.084	4868	280	8	1129	5992	1762	6625	0.0	7387
contig.00001	AY835771.1	87.474	1908	180	37	6143	8018	7160	9040	0.0	2145
contig.00001	AY835771.1	95.230	1132	51	1	1	1132	489	1617	0.0	1788
contig.00001	AY835771.1	99.315	146	1	0	1	146	9588	9733	4.81e-64	265
contig.00001	AY835771.1	86.364	66	6	3	6068	6131	6671	6735	4.05e-05	69.4
contig.00001	MH234641.1	94.056	4862	287	2	1129	5989	946	5806	0.0	7384
contig.00001	MH234641.1	90.627	1579	129	12	6451	8021	6600	8167	0.0	2078
contig.00001	MH234641.1	92.768	802	54	2	331	1132	4	801	0.0	1158
contig.00001	MH234641.1	80.220	273	46	8	6121	6389	6318	6586	4.95e-44	198
contig.00001	AY835759.1	94.098	4863	279	8	1129	5987	1762	6620	0.0	7384
contig.00001	AY835759.1	87.481	1925	188	30	6121	8021	7128	9023	0.0	2170
contig.00001	AY835759.1	95.318	1132	50	1	1	1132	489	1617	0.0	1794
contig.00001	AY835759.1	98.630	146	2	0	1	146	9602	9747	2.24e-62	259
contig.00001	JF689873.1	94.040	4866	286	4	1129	5992	967	5830	0.0	7378
contig.00001	JF689873.1	88.113	1918	188	26	6121	8021	6354	8248	0.0	2242
contig.00001	JF689873.1	94.061	825	46	1	308	1132	1	822	0.0	1249
contig.00001	AY173954.1	94.040	4866	281	7	1129	5991	1112	5971	0.0	7378
contig.00001	AY173954.1	87.155	1954	184	37	6121	8021	6472	8411	0.0	2158
contig.00001	AY173954.1	93.100	971	63	2	162	1132	1	967	0.0	1424
contig.00001	AY173954.1	97.727	88	2	0	1	88	8955	9042	3.91e-30	152
contig.00001	KJ140258.2	94.108	4854	280	6	1129	5979	1429	6279	0.0	7374
contig.00001	KJ140258.2	86.932	1913	217	18	6121	8021	6786	8677	0.0	2117
contig.00001	KJ140258.2	95.414	1134	47	3	1	1132	154	1284	0.0	1801
contig.00001	MN685351.1	93.995	4879	277	11	1129	5999	1309	6179	0.0	7372
contig.00001	MN685351.1	89.233	1746	160	16	6284	8021	6841	8566	0.0	2158
contig.00001	MN685351.1	95.495	1132	48	1	1	1132	36	1164	0.0	1805
contig.00001	MN685351.1	100.000	63	0	0	1	63	9111	9173	1.43e-19	117
contig.00001	MN685345.1	93.995	4879	277	11	1129	5999	1309	6179	0.0	7372
contig.00001	MN685345.1	87.775	1906	199	21	6127	8021	6684	8566	0.0	2198
contig.00001	MN685345.1	92.845	1132	78	2	1	1132	36	1164	0.0	1639
contig.00001	MN685345.1	100.000	63	0	0	1	63	9111	9173	1.43e-19	117
contig.00001	MN685344.1	93.995	4879	277	11	1129	5999	1309	6179	0.0	7372
contig.00001	MN685344.1	87.775	1906	199	21	6127	8021	6684	8566	0.0	2198
contig.00001	MN685344.1	89.929	1132	111	2	1	1132	36	1164	0.0	1456
contig.00001	MN685344.1	100.000	63	0	0	1	63	9111	9173	1.43e-19	117
contig.00001	MN685343.1	93.995	4879	277	11	1129	5999	1309	6179	0.0	7372
contig.00001	MN685343.1	87.775	1906	199	21	6127	8021	6684	8566	0.0	2198
contig.00001	MN685343.1	93.728	1132	68	1	1	1132	36	1164	0.0	1694
contig.00001	MN685343.1	100.000	63	0	0	1	63	9111	9173	1.43e-19	117
contig.00001	MN685342.1	93.995	4879	277	11	1129	5999	1309	6179	0.0	7372
contig.00001	MN685342.1	87.775	1906	199	21	6127	8021	6684	8566	0.0	2198
contig.00001	MN685342.1	93.463	1132	71	2	1	1132	36	1164	0.0	1677
contig.00001	MN685342.1	100.000	63	0	0	1	63	9111	9173	1.43e-19	117
contig.00001	MN685341.1	93.995	4879	277	11	1129	5999	1309	6179	0.0	7372
contig.00001	MN685341.1	87.775	1906	199	21	6127	8021	6684	8566	0.0	2198
contig.00001	MN685341.1	89.497	1133	114	4	1	1132	36	1164	0.0	1428
contig.00001	MN685341.1	100.000	63	0	0	1	63	9111	9173	1.43e-19	117
contig.00001	MN685340.1	93.995	4879	277	11	1129	5999	1309	6179	0.0	7372
contig.00001	MN685340.1	87.775	1906	199	21	6127	8021	6684	8566	0.0	2198
contig.00001	MN685340.1	87.379	1133	138	4	1	1132	36	1164	0.0	1295
contig.00001	MN685340.1	100.000	63	0	0	1	63	9111	9173	1.43e-19	117
contig.00001	MN685339.1	93.995	4879	277	11	1129	5999	1309	6179	0.0	7372
contig.00001	MN685339.1	87.775	1906	199	21	6127	8021	6684	8566	0.0	2198
contig.00001	MN685339.1	89.056	1133	119	3	1	1132	36	1164	0.0	1400
contig.00001	MN685339.1	100.000	63	0	0	1	63	9111	9173	1.43e-19	117
contig.00001	MN685338.1	93.995	4879	277	11	1129	5999	1309	6179	0.0	7372
contig.00001	MN685338.1	87.775	1906	199	21	6127	8021	6684	8566	0.0	2198
contig.00001	MN685338.1	91.527	1133	91	3	1	1132	36	1164	0.0	1555
contig.00001	MN685338.1	100.000	63	0	0	1	63	9111	9173	1.43e-19	117
contig.00001	MN685337.1	93.995	4879	277	11	1129	5999	1309	6179	0.0	7372
contig.00001	MN685337.1	87.775	1906	199	21	6127	8021	6684	8566	0.0	2198
contig.00001	MN685337.1	95.495	1132	48	1	1	1132	36	1164	0.0	1805
contig.00001	MN685337.1	100.000	63	0	0	1	63	9111	9173	1.43e-19	117
contig.00001	MN043593.1	93.987	4873	289	4	1129	5999	973	5843	0.0	7372
contig.00001	MN043593.1	85.059	1941	231	29	6121	8021	6357	8278	0.0	1923
contig.00001	MN043593.1	95.307	831	36	2	302	1132	1	828	0.0	1315
contig.00001	JQ403040.1	93.995	4879	277	11	1129	5999	973	5843	0.0	7372
contig.00001	JQ403040.1	87.775	1906	199	21	6127	8021	6348	8230	0.0	2198
contig.00001	JQ403040.1	94.826	831	40	1	302	1132	1	828	0.0	1293
contig.00001	M19921.2	93.995	4879	277	11	1129	5999	1762	6632	0.0	7372
contig.00001	M19921.2	87.775	1906	199	21	6127	8021	7137	9019	0.0	2198
contig.00001	M19921.2	95.495	1132	48	1	1	1132	489	1617	0.0	1805
contig.00001	M19921.2	99.315	146	1	0	1	146	9564	9709	4.81e-64	265
contig.00001	FJ469736.1	93.995	4879	277	11	1129	5999	995	5865	0.0	7372
contig.00001	FJ469736.1	87.775	1906	199	21	6127	8021	6370	8252	0.0	2198
contig.00001	FJ469736.1	94.836	852	41	1	281	1132	2	850	0.0	1327
contig.00001	U63632.1	94.090	4856	281	6	1129	5981	1079	5931	0.0	7372
contig.00001	U63632.1	88.554	1756	167	20	6121	7866	6442	8173	0.0	2098
contig.00001	U63632.1	93.637	943	51	4	190	1132	1	934	0.0	1400
contig.00001	U63632.1	88.587	184	12	3	7838	8021	8174	8348	4.91e-49	215
contig.00001	U63632.1	97.368	38	1	0	6068	6105	5985	6022	5.24e-04	65.8
contig.00001	MN043595.1	94.090	4856	280	7	1129	5979	973	5826	0.0	7371
contig.00001	MN043595.1	86.424	1731	193	25	6151	7854	6408	8123	0.0	1857
contig.00001	MN043595.1	94.705	831	41	2	302	1132	1	828	0.0	1288
contig.00001	MN043595.1	85.052	194	20	4	7828	8021	8124	8308	2.98e-41	189
contig.00001	KY968408.1	94.118	4862	261	18	1129	5987	973	5812	0.0	7371
contig.00001	KY968408.1	88.143	1906	161	42	6121	8018	6314	8162	0.0	2207
contig.00001	KY968408.1	94.826	831	40	1	302	1132	1	828	0.0	1293
contig.00001	ON015196.1	94.037	4863	284	6	1129	5988	7275	2416	0.0	7369
contig.00001	ON015196.1	85.226	1286	131	29	6121	7369	1813	550	0.0	1267
contig.00001	ON015196.1	93.273	550	28	3	269	809	1	550	0.0	802
contig.00001	ON015196.1	95.570	316	14	0	817	1132	7735	7420	7.24e-137	507
contig.00001	MH234640.1	94.038	4864	281	8	1129	5986	883	5743	0.0	7367
contig.00001	MH234640.1	86.237	1940	198	31	6121	8021	6273	8182	0.0	2041
contig.00001	MH234640.1	92.954	738	40	6	407	1132	1	738	0.0	1068
contig.00001	OK589863.1	93.975	4880	277	12	1129	5999	1762	6633	0.0	7367
contig.00001	OK589863.1	87.358	1677	185	19	6127	7791	7138	8799	0.0	1897
contig.00001	OK589863.1	95.406	1132	49	1	1	1132	489	1617	0.0	1799
contig.00001	OK589863.1	89.837	246	16	4	7776	8021	10517	10753	7.88e-77	307
contig.00001	OK589863.1	99.315	146	1	0	1	146	11282	11427	4.81e-64	265
contig.00001	AY970946.1	94.038	4864	280	6	1129	5987	1712	6570	0.0	7367
contig.00001	AY970946.1	87.004	1916	180	33	6121	8021	7081	8942	0.0	2095
contig.00001	AY970946.1	94.709	1134	54	4	1	1132	438	1567	0.0	1757
contig.00001	AY970946.1	98.347	121	2	0	1	121	9486	9606	1.77e-48	213
contig.00001	MN043596.1	94.067	4854	282	6	1129	5979	1129	5979	0.0	7363
contig.00001	MN043596.1	85.292	1761	220	18	6121	7854	6531	8279	0.0	1781
contig.00001	MN043596.1	93.921	987	54	3	149	1132	1	984	0.0	1485
contig.00001	MN043596.1	86.598	194	17	4	7828	8021	8280	8464	2.96e-46	206
contig.00001	AY835779.1	93.968	4874	285	8	1129	5999	1762	6629	0.0	7363
contig.00001	AY835779.1	88.004	1909	188	23	6124	8021	7129	9007	0.0	2218
contig.00001	AY835779.1	95.406	1132	49	1	1	1132	489	1617	0.0	1799
contig.00001	AY835779.1	99.315	146	1	0	1	146	9552	9697	4.81e-64	265
contig.00001	AY835754.1	93.890	4894	279	19	1129	6009	1762	6648	0.0	7363
contig.00001	AY835754.1	87.912	1911	181	23	6121	8021	7128	8998	0.0	2204
contig.00001	AY835754.1	95.583	1132	47	1	1	1132	489	1617	0.0	1810
contig.00001	AY835754.1	99.315	146	1	0	1	146	9543	9688	4.81e-64	265
contig.00001	AY835754.1	90.196	51	5	0	6068	6118	6671	6721	1.46e-04	67.6
contig.00001	AF004394.1	94.038	4864	277	13	1129	5987	1762	6617	0.0	7363
contig.00001	AF004394.1	87.676	1923	192	23	6121	8021	7120	9019	0.0	2196
contig.00001	AF004394.1	94.700	1132	57	1	1	1132	489	1617	0.0	1755
contig.00001	AF004394.1	99.342	152	1	0	1	152	9564	9715	2.22e-67	276
contig.00001	AF004394.1	89.286	56	6	0	6068	6123	6662	6717	1.13e-05	71.3
contig.00001	KM390026.1	93.954	4879	279	11	1129	5999	1762	6632	0.0	7361
contig.00001	KM390026.1	87.775	1906	199	21	6127	8021	7137	9019	0.0	2198
contig.00001	KM390026.1	95.495	1132	48	1	1	1132	489	1617	0.0	1805
contig.00001	KM390026.1	99.315	146	1	0	1	146	9564	9709	4.81e-64	265
contig.00001	JQ585717.1	93.954	4879	279	11	1129	5999	1762	6632	0.0	7361
contig.00001	JQ585717.1	87.597	1677	182	19	6127	7791	7143	8805	0.0	1921
contig.00001	JQ585717.1	95.495	1132	48	1	1	1132	489	1617	0.0	1805
contig.00001	JQ585717.1	99.324	148	1	0	1	148	10058	10205	3.72e-65	268
contig.00001	EU541617.1	93.954	4879	279	11	1129	5999	1308	6178	0.0	7361
contig.00001	EU541617.1	87.887	1907	195	24	6127	8021	6689	8571	0.0	2209
contig.00001	EU541617.1	95.230	1132	51	1	1	1132	35	1163	0.0	1788
contig.00001	EU541617.1	99.324	148	1	0	1	148	9116	9263	3.72e-65	268
contig.00001	AY970947.1	94.017	4864	281	7	1129	5987	1705	6563	0.0	7361
contig.00001	AY970947.1	87.676	1915	184	31	6121	8021	7074	8950	0.0	2182
contig.00001	AY970947.1	94.793	1133	55	2	1	1132	431	1560	0.0	1764
contig.00001	AY970947.1	97.561	123	3	0	1	123	9494	9616	6.35e-48	211
contig.00001	MZ662712.1	94.026	4871	265	24	1129	5980	1018	5881	0.0	7360
contig.00001	MZ662712.1	87.103	1923	198	38	6121	8021	6416	8310	0.0	2132
contig.00001	MZ662712.1	92.717	865	54	8	272	1132	16	875	0.0	1240
contig.00001	MZ662712.1	97.403	77	1	1	1	76	8854	8930	1.83e-23	130
contig.00001	MN043586.1	93.931	4877	287	8	1129	5999	973	5846	0.0	7358
contig.00001	MN043586.1	86.881	1898	210	24	6143	8021	6383	8260	0.0	2089
contig.00001	MN043586.1	94.224	831	45	2	302	1132	1	828	0.0	1267
contig.00001	MN043584.1	94.049	4856	279	10	1129	5979	1424	6274	0.0	7358
contig.00001	MN043584.1	85.329	1929	218	38	6121	8021	6784	8675	0.0	1934
contig.00001	MN043584.1	94.885	1134	53	3	1	1132	149	1279	0.0	1768
contig.00001	MH897914.1	93.980	4867	285	8	1129	5991	895	5757	0.0	7358
contig.00001	MH897914.1	88.137	1922	174	26	6121	8021	6270	8158	0.0	2237
contig.00001	MH897914.1	94.730	721	35	1	412	1132	33	750	0.0	1118
contig.00001	MH897913.1	93.980	4867	285	8	1129	5991	599	5461	0.0	7358
contig.00001	MH897913.1	87.994	1924	173	30	6121	8021	5974	7862	0.0	2220
contig.00001	MH897913.1	95.169	414	20	0	719	1132	41	454	0.0	654
contig.00001	MH897913.1	92.683	41	2	1	138	178	1	40	0.088	58.4
contig.00001	KJ140250.3	93.927	4874	290	6	1129	5999	1717	6587	0.0	7356
contig.00001	KJ140250.3	86.938	1914	206	24	6121	8021	7086	8968	0.0	2109
contig.00001	KJ140250.3	95.154	1135	49	3	1	1132	441	1572	0.0	1786
contig.00001	MZ922696.1	93.977	4865	284	7	1129	5987	846	5707	0.0	7352
contig.00001	MZ922696.1	87.994	1924	191	27	6121	8021	6239	8145	0.0	2237
contig.00001	MZ922696.1	94.021	669	37	1	464	1132	36	701	0.0	1011
contig.00001	MZ922696.1	100.000	78	0	0	1	78	8690	8767	6.54e-28	145
contig.00001	MZ922696.1	86.364	66	6	3	6068	6131	5779	5843	4.05e-05	69.4
contig.00001	MZ922696.1	97.436	39	1	0	185	223	1	39	1.46e-04	67.6
contig.00001	JQ686832.1	93.913	4879	281	11	1129	5999	1762	6632	0.0	7350
contig.00001	JQ686832.1	87.597	1677	182	19	6127	7791	7143	8805	0.0	1921
contig.00001	JQ686832.1	95.318	1132	50	2	1	1132	489	1617	0.0	1794
contig.00001	JQ686832.1	99.324	148	1	0	1	148	10058	10205	3.72e-65	268
contig.00001	OM209656.1	93.974	4862	285	8	1129	5986	1099	5956	0.0	7348
contig.00001	OM209656.1	86.530	1908	201	33	6143	8021	6518	8398	0.0	2049
contig.00001	OM209656.1	94.947	950	44	3	183	1132	9	954	0.0	1485
contig.00001	PV115316.1	93.958	4866	283	9	1129	5990	898	5756	0.0	7347
contig.00001	PV115316.1	87.912	1911	193	22	6121	8021	6267	8149	0.0	2215
contig.00001	PV115316.1	93.915	756	43	1	377	1132	1	753	0.0	1138
contig.00001	MT033675.1	93.954	4863	286	8	1129	5987	1010	5868	0.0	7345
contig.00001	MT033675.1	88.697	1911	187	19	6121	8021	6382	8273	0.0	2305
contig.00001	MT033675.1	94.111	849	47	1	284	1132	20	865	0.0	1288
contig.00001	MT033675.1	99.138	116	1	0	1	116	8800	8915	2.29e-47	209
contig.00001	U34603.1	93.840	4886	289	11	1129	6005	1762	6644	0.0	7345
contig.00001	U34603.1	86.900	1916	200	21	6121	8021	7164	9043	0.0	2100
contig.00001	U34603.1	94.876	1132	54	2	1	1132	490	1617	0.0	1766
contig.00001	U34603.1	97.917	48	1	0	1	48	9589	9636	1.45e-09	84.2
contig.00001	KJ140262.2	93.836	4883	293	8	1129	6007	1745	6623	0.0	7343
contig.00001	KJ140262.2	85.026	1930	237	33	6121	8018	7129	9038	0.0	1916
contig.00001	KJ140262.2	95.158	1136	47	5	1	1132	469	1600	0.0	1786
contig.00001	U69589.1	93.954	4863	284	10	1129	5986	1308	6165	0.0	7343
contig.00001	U69589.1	87.342	1904	181	30	6143	8021	6730	8598	0.0	2126
contig.00001	U69589.1	95.318	1132	50	1	1	1132	35	1163	0.0	1794
contig.00001	U69589.1	98.413	63	1	0	1	63	9143	9205	6.63e-18	111
contig.00001	MN237644.1	93.986	4855	284	8	1129	5979	973	5823	0.0	7341
contig.00001	MN237644.1	84.920	1943	221	40	6121	8021	6357	8269	0.0	1899
contig.00001	MN237644.1	94.946	831	39	2	302	1132	1	828	0.0	1299
contig.00001	KJ140267.1	93.988	4857	280	12	1129	5979	1424	6274	0.0	7341
contig.00001	KJ140267.1	86.698	1932	204	34	6121	8021	6793	8702	0.0	2095
contig.00001	KJ140267.1	94.885	1134	53	3	1	1132	149	1279	0.0	1768
contig.00001	KJ140261.2	93.865	4874	293	6	1129	5999	1422	6292	0.0	7339
contig.00001	KJ140261.2	87.044	1891	217	16	6143	8021	6826	8700	0.0	2109
contig.00001	KJ140261.2	95.053	1132	53	2	1	1132	149	1277	0.0	1777
contig.00001	KJ140257.2	93.864	4873	295	4	1129	5999	1424	6294	0.0	7339
contig.00001	KJ140257.2	86.687	1923	197	29	6121	8021	6784	8669	0.0	2078
contig.00001	KJ140257.2	94.885	1134	53	3	1	1132	149	1279	0.0	1768
contig.00001	KJ140247.2	93.916	4865	291	3	1129	5992	1721	6581	0.0	7339
contig.00001	KJ140247.2	86.354	1920	212	32	6121	8021	7096	8984	0.0	2049
contig.00001	KJ140247.2	94.444	1134	58	3	1	1132	446	1576	0.0	1740
contig.00001	MK577480.1	93.864	4873	295	4	1129	5999	1114	5984	0.0	7339
contig.00001	MK577480.1	86.670	1913	210	19	6121	8021	6474	8353	0.0	2078
contig.00001	MK577480.1	94.142	973	53	3	160	1132	1	969	0.0	1478
contig.00001	MN919177.1	93.852	4880	286	11	1129	5999	1762	6636	0.0	7337
contig.00001	MN919177.1	88.049	1891	189	25	6143	8021	7164	9029	0.0	2206
contig.00001	MN919177.1	95.318	1132	50	1	1	1132	489	1617	0.0	1794
contig.00001	MN919177.1	99.315	146	1	0	1	146	9574	9719	4.81e-64	265
contig.00001	AB485639.1	93.914	4864	288	8	1129	5989	1763	6621	0.0	7336
contig.00001	AB485639.1	86.517	1921	210	29	6121	8021	7144	9035	0.0	2067
contig.00001	AB485639.1	94.263	1133	61	2	1	1132	489	1618	0.0	1729
contig.00001	AB485639.1	100.000	59	0	0	1	59	9580	9638	2.38e-17	110
contig.00001	AB485639.1	97.059	34	1	0	6068	6101	6687	6720	0.088	58.4
contig.00001	AY173953.1	93.914	4864	288	8	1129	5989	1114	5972	0.0	7336
contig.00001	AY173953.1	86.517	1921	210	29	6121	8021	6495	8386	0.0	2067
contig.00001	AY173953.1	93.621	972	58	2	162	1132	1	969	0.0	1448
contig.00001	AY173953.1	100.000	88	0	0	1	88	8931	9018	1.80e-33	163
contig.00001	AY173953.1	97.059	34	1	0	6068	6101	6038	6071	0.088	58.4
contig.00001	MT033672.1	93.914	4864	287	9	1129	5987	1099	5958	0.0	7334
contig.00001	MT033672.1	88.645	1911	188	19	6121	8021	6472	8363	0.0	2300
contig.00001	MT033672.1	94.421	950	49	2	183	1132	9	954	0.0	1458
contig.00001	MT033672.1	99.138	116	1	0	1	116	8890	9005	2.29e-47	209
contig.00001	OQ092464.1	93.912	4862	290	6	1129	5987	1741	6599	0.0	7334
contig.00001	OQ092464.1	87.703	1911	200	19	6121	8021	7134	9019	0.0	2194
contig.00001	OQ092464.1	92.933	1132	56	2	1	1132	489	1596	0.0	1626
contig.00001	ON421509.1	93.917	4866	282	14	1129	5987	1137	5995	0.0	7334
contig.00001	ON421509.1	87.811	1928	184	29	6122	8021	6505	8409	0.0	2211
contig.00001	ON421509.1	94.171	995	50	2	143	1132	1	992	0.0	1509
contig.00001	ON421509.1	100.000	52	0	0	1	52	8953	9004	1.86e-13	97.1
contig.00001	OR496827.1	93.900	4869	281	12	1129	5986	1760	6623	0.0	7332
contig.00001	OR496827.1	89.046	1908	168	26	6121	8021	7132	9005	0.0	2327
contig.00001	OR496827.1	95.230	1132	49	2	1	1132	489	1615	0.0	1786
contig.00001	OR496827.1	98.630	146	2	0	1	146	9550	9695	2.24e-62	259
contig.00001	ON015165.1	93.895	4865	285	11	1127	5986	6452	1595	0.0	7328
contig.00001	ON015165.1	86.426	943	79	23	6121	7049	1098	191	0.0	987
contig.00001	ON015165.1	93.949	628	33	3	506	1132	7218	6595	0.0	944
contig.00001	ON015165.1	93.085	188	13	0	308	495	1	188	2.22e-67	276
contig.00001	ON015165.1	88.835	206	14	4	7816	8021	7217	7413	6.27e-58	244
contig.00001	ON015165.1	90.385	52	3	2	6068	6118	1555	1505	1.46e-04	67.6
contig.00001	OR496826.1	93.880	4869	282	12	1129	5986	1760	6623	0.0	7326
contig.00001	OR496826.1	89.046	1908	168	26	6121	8021	7132	9005	0.0	2327
contig.00001	OR496826.1	95.141	1132	50	2	1	1132	489	1615	0.0	1781
contig.00001	OR496826.1	98.630	146	2	0	1	146	9550	9695	2.24e-62	259
contig.00001	OP701089.1	93.859	4869	290	9	1129	5991	1003	5868	0.0	7326
contig.00001	OP701089.1	86.961	1925	194	31	6121	8021	6366	8257	0.0	2111
contig.00001	OP701089.1	93.675	838	50	1	295	1132	24	858	0.0	1251
contig.00001	OP701089.1	98.810	84	1	0	1	84	8802	8885	1.41e-29	150
contig.00001	KF384809.1	93.880	4869	282	12	1129	5986	1684	6547	0.0	7326
contig.00001	KF384809.1	89.046	1908	168	26	6121	8021	7056	8929	0.0	2327
contig.00001	KF384809.1	95.141	1132	50	2	1	1132	413	1539	0.0	1781
contig.00001	MZ662679.1	93.890	4861	291	6	1129	5986	1053	5910	0.0	7326
contig.00001	MZ662679.1	86.535	1931	197	29	6121	8021	6422	8319	0.0	2067
contig.00001	MZ662679.1	93.936	841	48	1	292	1132	71	908	0.0	1267
contig.00001	MZ662679.1	100.000	76	0	0	1	76	8865	8940	8.46e-27	141
contig.00001	MZ662679.1	98.571	70	1	0	185	254	1	70	8.52e-22	124
contig.00001	MZ662679.1	90.196	51	5	0	6068	6118	5965	6015	1.46e-04	67.6
contig.00001	U43096.1	93.891	4862	289	8	1129	5986	1308	6165	0.0	7326
contig.00001	U43096.1	88.400	1888	169	22	6147	8021	6706	8556	0.0	2228
contig.00001	U43096.1	95.230	1132	51	3	1	1132	35	1163	0.0	1788
contig.00001	U43096.1	90.196	51	5	0	6068	6118	6223	6273	1.46e-04	67.6
contig.00001	JF689890.1	93.888	4859	293	4	1129	5985	967	5823	0.0	7324
contig.00001	JF689890.1	87.513	1930	186	36	6121	8021	6366	8269	0.0	2178
contig.00001	JF689890.1	94.545	825	42	1	308	1132	1	822	0.0	1271
contig.00001	ON421503.1	93.180	5000	318	19	1129	6118	1139	6125	0.0	7323
contig.00001	ON421503.1	87.506	1937	197	26	6121	8021	6556	8483	0.0	2194
contig.00001	ON421503.1	93.863	994	53	2	147	1132	1	994	0.0	1491
contig.00001	ON421503.1	100.000	51	0	0	1	51	9028	9078	6.68e-13	95.3
contig.00001	MN043597.1	93.836	4867	294	6	1129	5992	1417	6280	0.0	7321
contig.00001	MN043597.1	85.382	1936	222	37	6121	8021	6801	8710	0.0	1951
contig.00001	MN043597.1	94.537	1135	55	5	1	1132	142	1272	0.0	1746
contig.00001	MN043592.1	93.907	4858	285	10	1129	5979	1018	5871	0.0	7321
contig.00001	MN043592.1	87.196	1890	191	27	6148	8021	6421	8275	0.0	2102
contig.00001	MN043592.1	94.579	867	43	3	267	1132	10	873	0.0	1338
contig.00001	KJ140256.2	93.773	4882	291	8	1129	5999	1457	6336	0.0	7321
contig.00001	KJ140256.2	86.580	1930	207	29	6121	8021	6826	8732	0.0	2082
contig.00001	KJ140256.2	94.802	1135	53	3	1	1132	181	1312	0.0	1764
contig.00001	AY835765.1	93.871	4862	290	8	1129	5986	1762	6619	0.0	7321
contig.00001	AY835765.1	87.592	1910	189	19	6121	8021	7128	8998	0.0	2170
contig.00001	AY835765.1	95.495	1132	48	1	1	1132	489	1617	0.0	1805
contig.00001	AY835765.1	99.315	146	1	0	1	146	9543	9688	4.81e-64	265
contig.00001	MN043583.1	93.805	4875	291	9	1129	5999	1114	5981	0.0	7319
contig.00001	MN043583.1	86.984	1913	207	22	6121	8021	6471	8353	0.0	2115
contig.00001	MN043583.1	94.347	973	51	3	160	1132	1	969	0.0	1489
contig.00001	AY352275.1	93.840	4870	287	7	1129	5987	1764	6631	0.0	7319
contig.00001	AY352275.1	87.177	1895	186	26	6143	8021	7171	9024	0.0	2100
contig.00001	AY352275.1	94.092	1134	61	4	1	1132	490	1619	0.0	1718
contig.00001	AY352275.1	97.945	146	3	0	1	146	9570	9715	1.04e-60	254
contig.00001	AY352275.1	97.059	34	1	0	6070	6103	6687	6720	0.088	58.4
contig.00001	AY835774.1	93.867	4859	294	4	1127	5983	1760	6616	0.0	7319
contig.00001	AY835774.1	87.082	1943	185	37	6121	8021	7128	9046	0.0	2137
contig.00001	AY835774.1	94.965	1132	54	1	1	1132	489	1617	0.0	1772
contig.00001	AY835774.1	99.315	146	1	0	1	146	9591	9736	4.81e-64	265
contig.00001	AY835774.1	90.196	51	5	0	6068	6118	6671	6721	1.46e-04	67.6
contig.00001	K02007.1	93.852	4863	293	5	1129	5987	1769	6629	0.0	7319
contig.00001	K02007.1	86.681	1907	191	36	6143	8021	7175	9046	0.0	2056
contig.00001	K02007.1	95.079	1138	48	4	1	1132	489	1624	0.0	1784
contig.00001	K02007.1	98.649	148	1	1	1	147	9590	9737	6.22e-63	261
contig.00001	K02007.1	87.500	64	5	2	6055	6118	6670	6730	1.13e-05	71.3
contig.00001	KJ140252.2	93.749	4879	301	4	1129	6005	1012	5888	0.0	7317
contig.00001	KJ140252.2	86.611	1912	222	19	6121	8021	6372	8260	0.0	2082
contig.00001	KJ140252.2	94.138	870	48	2	263	1132	1	867	0.0	1321
contig.00001	MG837270.1	93.791	4880	285	13	1129	5999	1127	5997	0.0	7317
contig.00001	MG837270.1	88.617	1880	179	25	6155	8021	6524	8381	0.0	2254
contig.00001	MG837270.1	93.909	985	57	1	148	1132	1	982	0.0	1483
contig.00001	MG837270.1	100.000	40	0	0	1	40	8926	8965	8.70e-07	75.0
contig.00001	MG837266.1	93.791	4880	285	13	1129	5999	1124	5994	0.0	7317
contig.00001	MG837266.1	88.229	1886	178	27	6155	8021	6521	8381	0.0	2213
contig.00001	MG837266.1	94.094	982	55	1	151	1132	1	979	0.0	1489
contig.00001	MG837266.1	100.000	40	0	0	1	40	8927	8966	8.70e-07	75.0
contig.00001	KU521529.1	93.854	4865	288	11	1129	5987	1762	6621	0.0	7317
contig.00001	KU521529.1	87.129	1919	195	30	6121	8021	7147	9031	0.0	2128
contig.00001	KU521529.1	95.318	1132	50	1	1	1132	489	1617	0.0	1794
contig.00001	KU521529.1	99.324	148	1	0	1	148	9576	9723	3.72e-65	268
contig.00001	AB485638.1	93.853	4864	290	9	1129	5989	1761	6618	0.0	7317
contig.00001	AB485638.1	86.517	1921	210	29	6121	8021	7141	9032	0.0	2067
contig.00001	AB485638.1	94.263	1133	61	2	1	1132	487	1616	0.0	1729
contig.00001	AB485638.1	100.000	59	0	0	1	59	9577	9635	2.38e-17	110
contig.00001	AB485638.1	97.059	34	1	0	6068	6101	6684	6717	0.088	58.4
contig.00001	U26942.1	93.790	4879	287	11	1129	5999	1140	6010	0.0	7317
contig.00001	U26942.1	87.723	1906	200	21	6127	8021	6515	8397	0.0	2193
contig.00001	U26942.1	95.190	998	45	1	135	1132	1	995	0.0	1574
contig.00001	U26942.1	100.000	56	0	0	1	56	8942	8997	1.11e-15	104
contig.00001	MK577479.1	93.817	4868	293	8	1129	5992	1130	5993	0.0	7315
contig.00001	MK577479.1	85.995	1935	212	34	6121	8021	6514	8423	0.0	2017
contig.00001	MK577479.1	95.040	988	46	2	145	1132	1	985	0.0	1550
contig.00001	MW059307.1	93.849	4861	293	6	1129	5986	843	5700	0.0	7315
contig.00001	MW059307.1	87.637	1917	190	27	6121	8018	6224	8112	0.0	2183
contig.00001	MW059307.1	93.944	611	34	2	522	1132	91	698	0.0	920
contig.00001	MW059307.1	96.875	96	3	0	1	96	8660	8755	6.49e-33	161
contig.00001	MW059307.1	93.333	90	6	0	163	252	1	90	1.42e-24	134
contig.00001	MW059290.1	93.849	4861	293	6	1129	5986	844	5701	0.0	7315
contig.00001	MW059290.1	87.637	1917	190	27	6121	8018	6225	8113	0.0	2183
contig.00001	MW059290.1	93.944	611	34	2	522	1132	92	699	0.0	920
contig.00001	MW059290.1	96.875	96	3	0	1	96	8661	8756	6.49e-33	161
contig.00001	MW059290.1	93.407	91	6	0	162	252	1	91	3.93e-25	135
contig.00001	MN237643.1	93.767	4877	295	8	1129	5999	973	5846	0.0	7313
contig.00001	MN237643.1	86.257	1921	209	21	6121	8021	6336	8221	0.0	2034
contig.00001	MN237643.1	94.344	831	44	2	302	1132	1	828	0.0	1271
contig.00001	DQ487191.1	93.834	4865	291	7	1129	5987	1304	6165	0.0	7313
contig.00001	DQ487191.1	87.441	1911	192	24	6123	8018	6702	8579	0.0	2158
contig.00001	DQ487191.1	95.318	1132	47	3	1	1132	34	1159	0.0	1792
contig.00001	DQ487191.1	97.945	146	1	1	1	146	9128	9271	1.04e-60	254
contig.00001	MK577478.2	93.760	4872	302	2	1129	5999	1127	5997	0.0	7312
contig.00001	MK577478.2	86.663	1927	202	27	6121	8021	6487	8384	0.0	2084
contig.00001	MK577478.2	94.619	985	48	4	150	1132	1	982	0.0	1520
contig.00001	MN692148.1	94.068	4821	279	5	1172	5987	476	5294	0.0	7312
contig.00001	MN692148.1	88.476	1909	180	24	6121	8021	5799	7675	0.0	2270
contig.00001	MN692148.1	94.770	478	25	0	183	660	5	482	0.0	745
contig.00001	MN692148.1	100.000	47	0	0	1	47	8202	8248	1.12e-10	87.9
contig.00001	MN692148.1	90.196	51	5	0	6068	6118	5336	5386	1.46e-04	67.6
contig.00001	MN043604.1	93.763	4874	298	6	1129	5999	1117	5987	0.0	7312
contig.00001	MN043604.1	86.160	1922	212	23	6121	8021	6477	8365	0.0	2026
contig.00001	MN043604.1	94.359	975	50	3	160	1132	1	972	0.0	1491
contig.00001	MG837271.1	93.770	4880	286	13	1129	5999	1122	5992	0.0	7312
contig.00001	MG837271.1	88.617	1880	179	25	6155	8021	6519	8376	0.0	2254
contig.00001	MG837271.1	94.184	980	54	1	153	1132	1	977	0.0	1491
contig.00001	MG837271.1	100.000	40	0	0	1	40	8921	8960	8.70e-07	75.0
contig.00001	MT679553.1	93.061	5015	325	21	1129	6131	973	5976	0.0	7312
contig.00001	MT679553.1	84.822	1937	234	31	6121	8021	6369	8281	0.0	1893
contig.00001	MT679553.1	94.344	831	44	2	302	1132	1	828	0.0	1271
contig.00001	M38429.1	93.693	4899	284	16	1129	6007	1762	6655	0.0	7312
contig.00001	M38429.1	87.713	1758	178	31	6121	7866	7140	8871	0.0	2015
contig.00001	M38429.1	95.053	1132	52	2	1	1132	490	1617	0.0	1777
contig.00001	M38429.1	86.957	184	15	3	7838	8021	8872	9046	4.95e-44	198
contig.00001	M38429.1	88.235	51	6	0	6068	6118	6680	6730	0.007	62.1
contig.00001	MW059378.1	93.828	4861	294	6	1129	5986	1094	5951	0.0	7310
contig.00001	MW059378.1	87.138	1897	197	27	6144	8018	6498	8369	0.0	2108
contig.00001	MW059378.1	92.769	968	51	5	165	1132	1	949	0.0	1382
contig.00001	MW059378.1	95.238	105	5	0	1	105	8917	9021	1.40e-34	167
contig.00001	MW059378.1	97.674	43	1	0	63	105	9049	9007	8.70e-07	75.0
contig.00001	AF042101.1	93.812	4864	293	4	1129	5985	1767	6629	0.0	7308
contig.00001	AF042101.1	86.963	1910	216	19	6121	8021	7163	9048	0.0	2117
contig.00001	AF042101.1	94.014	1136	61	3	1	1132	490	1622	0.0	1714
contig.00001	AF042101.1	98.630	146	2	0	1	146	9594	9739	2.24e-62	259
contig.00001	AF042101.1	97.297	37	1	0	6068	6104	6706	6742	0.002	63.9
contig.00001	MG837268.1	93.750	4880	287	13	1129	5999	1225	6095	0.0	7306
contig.00001	MG837268.1	88.229	1886	178	27	6155	8021	6622	8482	0.0	2213
contig.00001	MG837268.1	94.183	1083	60	1	50	1132	1	1080	0.0	1650
contig.00001	MG837268.1	100.000	40	0	0	1	40	9027	9066	8.70e-07	75.0
contig.00001	AY835756.1	93.812	4864	291	10	1129	5987	1762	6620	0.0	7306
contig.00001	AY835756.1	87.182	1927	183	37	6121	8021	7128	9016	0.0	2132
contig.00001	AY835756.1	94.611	1132	58	1	1	1132	489	1617	0.0	1749
contig.00001	AY835756.1	99.315	146	1	0	1	146	9561	9706	4.81e-64	265
contig.00001	AY835756.1	97.297	37	1	0	6068	6104	6671	6707	0.002	63.9
contig.00001	MN237646.1	93.845	4858	288	10	1129	5979	973	5826	0.0	7304
contig.00001	MN237646.1	86.646	1917	221	19	6121	8018	6369	8269	0.0	2089
contig.00001	MN237646.1	92.780	831	57	2	302	1132	1	828	0.0	1199
contig.00001	ON421510.1	93.712	4882	295	12	1129	6004	1132	6007	0.0	7304
contig.00001	ON421510.1	87.049	1938	189	32	6122	8021	6491	8404	0.0	2132
contig.00001	ON421510.1	94.242	990	54	1	143	1132	1	987	0.0	1509
contig.00001	ON421510.1	100.000	52	0	0	1	52	8948	8999	1.86e-13	97.1
contig.00001	MW754581.1	93.808	4861	295	6	1129	5986	967	5824	0.0	7304
contig.00001	MW754581.1	86.775	1913	200	31	6123	8021	6363	8236	0.0	2082
contig.00001	MW754581.1	93.367	784	49	2	349	1132	42	822	0.0	1157
contig.00001	MW754581.1	98.571	70	1	0	1	70	8782	8851	8.52e-22	124
contig.00001	MW754581.1	100.000	42	0	0	186	227	1	42	6.72e-08	78.7
contig.00001	ON421508.1	93.698	4887	291	16	1129	6005	1137	6016	0.0	7302
contig.00001	ON421508.1	87.676	1923	190	26	6121	8021	6485	8382	0.0	2194
contig.00001	ON421508.1	93.970	995	52	2	143	1132	1	992	0.0	1498
contig.00001	ON421508.1	100.000	52	0	0	1	52	8926	8977	1.86e-13	97.1
contig.00001	MZ359150.1	93.726	4877	297	8	1129	5999	973	5846	0.0	7302
contig.00001	MZ359150.1	86.799	1909	209	19	6121	8021	6336	8209	0.0	2089
contig.00001	MZ359150.1	93.983	831	47	2	302	1132	1	828	0.0	1254
contig.00001	AF256211.1	93.794	4866	291	9	1129	5987	1761	6622	0.0	7302
contig.00001	AF256211.1	87.839	1883	182	29	6144	8013	7186	9034	0.0	2165
contig.00001	AF256211.1	94.440	1133	58	3	1	1132	488	1616	0.0	1738
contig.00001	AF256211.1	100.000	71	0	0	1	71	9567	9637	5.09e-24	132
contig.00001	MN887612.1	93.091	5008	312	23	1129	6118	1031	6022	0.0	7300
contig.00001	MN887612.1	87.278	1918	195	28	6122	8021	6431	8317	0.0	2145
contig.00001	MN887612.1	93.341	886	53	4	253	1132	1	886	0.0	1304
contig.00001	U34604.1	93.774	4867	294	8	1127	5987	1762	6625	0.0	7300
contig.00001	U34604.1	88.333	1920	176	29	6121	8021	7148	9038	0.0	2261
contig.00001	U34604.1	94.793	1133	55	2	1	1132	490	1619	0.0	1762
contig.00001	U34604.1	97.917	48	1	0	1	48	9584	9631	1.45e-09	84.2
contig.00001	MN043591.1	93.823	4857	291	7	1129	5979	1127	5980	0.0	7299
contig.00001	MN043591.1	86.743	1916	215	25	6121	8021	6490	8381	0.0	2095
contig.00001	MN043591.1	94.213	985	52	3	150	1132	1	982	0.0	1498
contig.00001	ON421506.1	93.789	4862	294	8	1129	5986	1140	5997	0.0	7299
contig.00001	ON421506.1	87.619	1898	202	23	6142	8021	6560	8442	0.0	2172
contig.00001	ON421506.1	93.367	995	57	2	147	1132	1	995	0.0	1463
contig.00001	ON421506.1	98.039	51	1	0	1	51	8987	9037	3.11e-11	89.8
contig.00001	ON421506.1	87.273	55	7	0	6064	6118	6042	6096	0.002	63.9
contig.00001	MW754632.1	93.785	4859	300	2	1129	5986	1043	5900	0.0	7299
contig.00001	MW754632.1	86.879	1913	198	31	6123	8021	6442	8315	0.0	2093
contig.00001	MW754632.1	92.601	865	58	4	268	1132	40	898	0.0	1238
contig.00001	MW754632.1	100.000	80	0	0	1	80	8861	8940	5.05e-29	148
contig.00001	MW754632.1	100.000	39	0	0	186	224	1	39	3.13e-06	73.1
contig.00001	MW754619.1	93.785	4859	300	2	1129	5986	1043	5900	0.0	7299
contig.00001	MW754619.1	86.879	1913	198	31	6123	8021	6442	8315	0.0	2093
contig.00001	MW754619.1	92.601	865	58	4	268	1132	40	898	0.0	1238
contig.00001	MW754619.1	100.000	94	0	0	1	94	8861	8954	8.34e-37	174
contig.00001	MW754619.1	100.000	39	0	0	186	224	1	39	3.13e-06	73.1
contig.00001	MT744339.1	93.741	4873	291	6	1129	5989	1058	5928	0.0	7297
contig.00001	MT744339.1	87.646	1886	193	27	6144	8021	6471	8324	0.0	2156
contig.00001	MT744339.1	94.984	917	42	2	216	1132	1	913	0.0	1435
contig.00001	L31963.1	93.708	4879	294	10	1129	5999	1800	6673	0.0	7297
contig.00001	L31963.1	87.775	1906	199	23	6127	8021	7184	9066	0.0	2198
contig.00001	L31963.1	94.876	1132	55	1	1	1132	527	1655	0.0	1766
contig.00001	L31963.1	99.306	144	1	0	1	144	9652	9795	6.22e-63	261
contig.00001	MN887616.1	93.072	5009	312	24	1129	6118	1031	6023	0.0	7295
contig.00001	MN887616.1	87.331	1918	194	28	6122	8021	6432	8318	0.0	2150
contig.00001	MN887616.1	93.454	886	52	4	253	1132	1	886	0.0	1310
contig.00001	MN887615.1	93.072	5009	312	24	1129	6118	1031	6023	0.0	7295
contig.00001	MN887615.1	87.331	1918	194	28	6122	8021	6432	8318	0.0	2150
contig.00001	MN887615.1	93.454	886	52	4	253	1132	1	886	0.0	1310
contig.00001	MN887609.1	93.072	5009	312	24	1129	6118	1031	6023	0.0	7295
contig.00001	MN887609.1	87.331	1918	194	28	6122	8021	6432	8318	0.0	2150
contig.00001	MN887609.1	93.454	886	52	4	253	1132	1	886	0.0	1310
contig.00001	KJ140248.2	93.751	4865	299	3	1129	5992	1424	6284	0.0	7295
contig.00001	KJ140248.2	86.010	1930	221	28	6121	8021	6781	8690	0.0	2023
contig.00001	KJ140248.2	94.788	1132	54	3	1	1132	153	1279	0.0	1759
contig.00001	MN043588.1	93.839	4853	285	6	1129	5979	1139	5979	0.0	7293
contig.00001	MN043588.1	87.083	1889	202	22	6143	8021	6527	8383	0.0	2098
contig.00001	MN043588.1	93.581	997	59	2	138	1132	1	994	0.0	1483
contig.00001	MW754700.1	93.764	4859	301	2	1129	5986	1043	5900	0.0	7293
contig.00001	MW754700.1	86.879	1913	198	31	6123	8021	6442	8315	0.0	2093
contig.00001	MW754700.1	92.601	865	58	4	268	1132	40	898	0.0	1238
contig.00001	MW754700.1	100.000	80	0	0	1	80	8861	8940	5.05e-29	148
contig.00001	MW754700.1	100.000	39	0	0	186	224	1	39	3.13e-06	73.1
contig.00001	MT877451.1	93.801	4856	294	6	1129	5979	1429	6282	0.0	7293
contig.00001	MT877451.1	86.427	1923	211	30	6121	8021	6807	8701	0.0	2060
contig.00001	MT877451.1	94.268	1134	60	3	1	1132	154	1284	0.0	1729
contig.00001	AF003888.1	93.769	4863	293	10	1129	5986	1741	6598	0.0	7293
contig.00001	AF003888.1	87.356	1914	197	30	6121	8021	7147	9028	0.0	2152
contig.00001	AF003888.1	95.230	1132	51	1	1	1132	468	1596	0.0	1788
contig.00001	AF003888.1	97.945	146	3	0	1	146	9573	9718	1.04e-60	254
contig.00001	AF003888.1	88.235	51	6	0	6068	6118	6668	6718	0.007	62.1
contig.00001	AY835758.1	93.786	4860	293	9	1129	5985	1756	6609	0.0	7293
contig.00001	AY835758.1	86.155	1943	209	28	6121	8021	7143	9067	0.0	2043
contig.00001	AY835758.1	93.728	1132	62	3	1	1132	489	1611	0.0	1688
contig.00001	AY835758.1	99.315	146	1	0	1	146	9612	9757	4.81e-64	265
contig.00001	KJ140266.2	93.796	4852	299	2	1129	5979	1438	6288	0.0	7291
contig.00001	KJ140266.2	85.085	1931	231	38	6121	8021	6822	8725	0.0	1917
contig.00001	KJ140266.2	95.503	1134	46	3	1	1132	163	1293	0.0	1807
contig.00001	ON015176.1	93.749	4863	298	6	1129	5988	934	5793	0.0	7291
contig.00001	ON015176.1	85.090	1945	214	25	6121	8021	6372	8284	0.0	1916
contig.00001	ON015176.1	93.156	789	45	3	353	1132	1	789	0.0	1149
contig.00001	GQ386778.1	93.753	4866	293	9	1129	5987	1761	6622	0.0	7291
contig.00001	GQ386778.1	87.785	1883	183	29	6144	8013	7186	9034	0.0	2159
contig.00001	GQ386778.1	94.086	1133	62	3	1	1132	488	1616	0.0	1716
contig.00001	GQ386777.1	93.753	4866	293	9	1129	5987	1761	6622	0.0	7291
contig.00001	GQ386777.1	87.785	1883	183	29	6144	8013	7186	9034	0.0	2159
contig.00001	GQ386777.1	94.175	1133	61	3	1	1132	488	1616	0.0	1722
contig.00001	GQ386776.1	93.753	4866	293	9	1129	5987	1761	6622	0.0	7291
contig.00001	GQ386776.1	87.785	1883	183	29	6144	8013	7186	9034	0.0	2159
contig.00001	GQ386776.1	94.086	1133	62	3	1	1132	488	1616	0.0	1716
contig.00001	GQ386775.1	93.753	4866	293	9	1129	5987	1761	6622	0.0	7291
contig.00001	GQ386775.1	87.785	1883	183	29	6144	8013	7153	9001	0.0	2159
contig.00001	GQ386775.1	94.086	1133	62	3	1	1132	488	1616	0.0	1716
contig.00001	GQ386774.1	93.753	4866	293	9	1129	5987	1761	6622	0.0	7291
contig.00001	GQ386774.1	87.785	1883	183	29	6144	8013	7186	9034	0.0	2159
contig.00001	GQ386774.1	94.175	1133	61	3	1	1132	488	1616	0.0	1722
contig.00001	AF256205.1	93.753	4866	293	9	1129	5987	1761	6622	0.0	7291
contig.00001	AF256205.1	87.785	1883	183	29	6144	8013	7186	9034	0.0	2159
contig.00001	AF256205.1	94.440	1133	58	3	1	1132	488	1616	0.0	1738
contig.00001	AF256205.1	100.000	71	0	0	1	71	9567	9637	5.09e-24	132
contig.00001	MN887621.1	93.051	5008	314	23	1129	6118	1032	6023	0.0	7289
contig.00001	MN887621.1	87.122	1918	198	28	6122	8021	6432	8318	0.0	2128
contig.00001	MN887621.1	93.010	887	55	5	253	1132	1	887	0.0	1288
contig.00001	MN887614.1	93.051	5008	314	23	1129	6118	1031	6022	0.0	7289
contig.00001	MN887614.1	87.226	1918	196	28	6122	8021	6431	8317	0.0	2139
contig.00001	MN887614.1	92.664	886	59	4	253	1132	1	886	0.0	1271
contig.00001	MN887611.1	93.051	5008	314	23	1129	6118	1031	6022	0.0	7289
contig.00001	MN887611.1	87.226	1918	196	29	6122	8021	6431	8317	0.0	2139
contig.00001	MN887611.1	93.228	886	54	4	253	1132	1	886	0.0	1299
contig.00001	MN685347.1	93.689	4880	290	13	1129	5999	1309	6179	0.0	7289
contig.00001	MN685347.1	87.775	1906	199	21	6127	8021	6684	8566	0.0	2198
contig.00001	MN685347.1	91.519	1132	93	2	1	1132	36	1164	0.0	1555
contig.00001	MN685347.1	100.000	63	0	0	1	63	9111	9173	1.43e-19	117
contig.00001	MN685346.1	93.689	4880	290	13	1129	5999	1309	6179	0.0	7289
contig.00001	MN685346.1	87.775	1906	199	21	6127	8021	6684	8566	0.0	2198
contig.00001	MN685346.1	94.170	1132	63	1	1	1132	36	1164	0.0	1722
contig.00001	MN685346.1	100.000	63	0	0	1	63	9111	9173	1.43e-19	117
contig.00001	ON015222.1	93.747	4862	298	6	1129	5987	1019	5877	0.0	7289
contig.00001	ON015222.1	94.071	877	48	3	257	1132	1	874	0.0	1328
contig.00001	ON015222.1	84.545	770	76	17	6171	6914	6465	7217	0.0	723
contig.00001	MZ662669.1	93.746	4861	300	4	1129	5987	581	5439	0.0	7289
contig.00001	MZ662669.1	87.098	1930	197	31	6121	8021	5953	7859	0.0	2137
contig.00001	MZ662669.1	94.928	414	21	0	719	1132	23	436	1.14e-179	649
contig.00001	MZ662669.1	100.000	76	0	0	1	76	8404	8479	8.46e-27	141
contig.00001	MK577481.2	93.646	4879	306	4	1129	6005	1431	6307	0.0	7289
contig.00001	MK577481.2	87.018	1895	207	25	6148	8021	6839	8715	0.0	2100
contig.00001	MK577481.2	94.175	1133	62	3	1	1132	157	1286	0.0	1724
contig.00001	U69591.1	93.753	4866	291	11	1129	5986	1308	6168	0.0	7289
contig.00001	U69591.1	87.454	1905	174	31	6143	8021	6733	8598	0.0	2134
contig.00001	U69591.1	95.053	1132	53	1	1	1132	35	1163	0.0	1777
contig.00001	U69591.1	98.413	63	1	0	1	63	9143	9205	6.63e-18	111
contig.00001	MN887608.1	93.051	5008	313	24	1129	6118	1031	6021	0.0	7287
contig.00001	MN887608.1	87.331	1918	194	28	6122	8021	6430	8316	0.0	2150
contig.00001	MN887608.1	93.002	886	56	4	253	1132	1	886	0.0	1288
contig.00001	MN043579.1	93.780	4855	297	4	1129	5979	1117	5970	0.0	7287
contig.00001	MN043579.1	86.486	1924	208	27	6121	8021	6480	8374	0.0	2065
contig.00001	MN043579.1	94.051	975	53	3	160	1132	1	972	0.0	1474
contig.00001	AY835757.1	93.765	4860	294	7	1129	5985	1762	6615	0.0	7287
contig.00001	AY835757.1	86.569	1906	186	36	6143	8021	7187	9049	0.0	2037
contig.00001	AY835757.1	94.435	1132	60	1	1	1132	489	1617	0.0	1738
contig.00001	AY835757.1	99.315	146	1	0	1	146	9594	9739	4.81e-64	265
contig.00001	EF637051.1	93.731	4865	296	9	1129	5988	1088	5948	0.0	7286
contig.00001	EF637051.1	86.577	1937	200	36	6122	8021	6456	8369	0.0	2082
contig.00001	EF637051.1	93.031	947	56	7	192	1132	1	943	0.0	1375
contig.00001	KT259309.1	93.691	4866	296	9	1129	5987	1761	6622	0.0	7284
contig.00001	KT259309.1	87.307	1883	192	29	6144	8013	7153	9001	0.0	2126
contig.00001	KT259309.1	94.086	1133	62	3	1	1132	488	1616	0.0	1716
contig.00001	MN887610.1	93.031	5008	314	24	1129	6118	1031	6021	0.0	7282
contig.00001	MN887610.1	93.341	886	53	4	253	1132	1	886	0.0	1304
contig.00001	MW079479.1	93.648	4880	296	11	1129	5999	1762	6636	0.0	7282
contig.00001	MW079479.1	88.102	1891	188	25	6143	8021	7164	9029	0.0	2211
contig.00001	MW079479.1	95.230	1132	51	1	1	1132	489	1617	0.0	1788
contig.00001	MW079479.1	99.324	148	1	0	1	148	9574	9721	3.72e-65	268
contig.00001	AF003887.1	93.728	4863	295	10	1129	5986	1762	6619	0.0	7282
contig.00001	AF003887.1	87.356	1914	197	30	6121	8021	7168	9049	0.0	2152
contig.00001	AF003887.1	95.053	1132	53	1	1	1132	489	1617	0.0	1777
contig.00001	AF003887.1	99.315	146	1	0	1	146	9594	9739	4.81e-64	265
contig.00001	AF003887.1	88.235	51	6	0	6068	6118	6689	6739	0.007	62.1
contig.00001	U69593.1	93.728	4863	295	10	1129	5986	1308	6165	0.0	7282
contig.00001	U69593.1	86.991	1914	204	30	6121	8021	6717	8598	0.0	2113
contig.00001	U69593.1	94.876	1132	55	1	1	1132	35	1163	0.0	1766
contig.00001	U69593.1	98.413	63	1	0	1	63	9143	9205	6.63e-18	111
contig.00001	U69593.1	88.235	51	6	0	6068	6118	6235	6285	0.007	62.1
contig.00001	MK086129.1	93.616	4887	295	16	1129	6005	1119	5998	0.0	7280
contig.00001	MK086129.1	86.409	1913	215	25	6121	8021	6488	8367	0.0	2050
contig.00001	MK086129.1	95.087	977	45	1	156	1132	1	974	0.0	1535
contig.00001	KJ140254.1	93.755	4852	301	2	1129	5979	1255	6105	0.0	7280
contig.00001	KJ140254.1	85.417	1920	230	22	6121	8021	6669	8557	0.0	1949
contig.00001	KJ140254.1	94.978	1115	51	2	18	1132	1	1110	0.0	1744
contig.00001	ON816053.1	92.974	5010	327	14	1129	6118	1083	6087	0.0	7278
contig.00001	ON816053.1	86.753	1925	198	26	6121	8021	6494	8385	0.0	2089
contig.00001	ON816053.1	92.672	887	53	2	258	1132	52	938	0.0	1267
contig.00001	ON816053.1	98.649	74	1	0	1	74	8931	9004	5.09e-24	132
contig.00001	ON816053.1	96.154	52	2	0	187	238	3	54	4.02e-10	86.1
contig.00001	ON816031.1	92.974	5010	327	14	1129	6118	1083	6087	0.0	7278
contig.00001	ON816031.1	86.798	1924	199	27	6121	8021	6494	8385	0.0	2095
contig.00001	ON816031.1	92.559	887	54	2	258	1132	52	938	0.0	1262
contig.00001	ON816031.1	98.684	76	1	0	1	76	8931	9006	3.93e-25	135
contig.00001	ON816031.1	96.154	52	2	0	187	238	3	54	4.02e-10	86.1
contig.00001	KJ140260.1	93.610	4883	300	12	1129	6005	1699	6575	0.0	7278
contig.00001	KJ140260.1	86.651	1738	203	16	6143	7869	7088	8807	0.0	1897
contig.00001	KJ140260.1	94.885	1134	53	3	1	1132	424	1554	0.0	1768
contig.00001	MZ662689.1	92.974	5010	327	14	1129	6118	1083	6087	0.0	7278
contig.00001	MZ662689.1	86.753	1925	198	26	6121	8021	6494	8385	0.0	2089
contig.00001	MZ662689.1	92.672	887	53	2	258	1132	52	938	0.0	1267
contig.00001	MZ662689.1	98.684	76	1	0	1	76	8931	9006	3.93e-25	135
contig.00001	MZ662689.1	96.154	52	2	0	187	238	3	54	4.02e-10	86.1
contig.00001	AY835762.1	93.692	4867	297	7	1129	5987	1762	6626	0.0	7278
contig.00001	AY835762.1	88.831	1907	179	23	6121	8021	7135	9013	0.0	2311
contig.00001	AY835762.1	95.230	1132	51	2	1	1132	489	1617	0.0	1788
contig.00001	AY835762.1	99.315	146	1	0	1	146	9558	9703	4.81e-64	265
contig.00001	KT259310.1	93.670	4866	297	9	1129	5987	1761	6622	0.0	7276
contig.00001	KT259310.1	87.626	1883	186	29	6144	8013	7153	9001	0.0	2145
contig.00001	KT259310.1	94.175	1133	61	3	1	1132	488	1616	0.0	1722
contig.00001	ON421507.1	93.708	4863	296	10	1129	5986	1140	5997	0.0	7276
contig.00001	ON421507.1	86.895	1923	196	29	6142	8021	6584	8493	0.0	2104
contig.00001	ON421507.1	93.266	995	58	3	147	1132	1	995	0.0	1458
contig.00001	ON421507.1	98.039	51	1	0	1	51	9038	9088	3.11e-11	89.8
contig.00001	ON421507.1	86.207	58	8	0	6061	6118	6057	6114	0.002	63.9
contig.00001	ON421502.1	93.706	4862	298	8	1129	5986	1140	5997	0.0	7276
contig.00001	ON421502.1	87.270	1901	206	24	6142	8021	6569	8454	0.0	2137
contig.00001	ON421502.1	92.965	995	61	2	147	1132	1	995	0.0	1441
contig.00001	ON421502.1	100.000	51	0	0	1	51	8999	9049	6.68e-13	95.3
contig.00001	ON421502.1	86.207	58	8	0	6061	6118	6057	6114	0.002	63.9
contig.00001	NC_001802.1	93.627	4880	297	11	1129	5999	1308	6182	0.0	7276
contig.00001	NC_001802.1	88.049	1891	189	25	6143	8021	6710	8575	0.0	2206
contig.00001	NC_001802.1	95.318	1132	50	1	1	1132	35	1163	0.0	1794
contig.00001	NC_001802.1	100.000	62	0	0	1	62	9120	9181	5.13e-19	115
contig.00001	AY835760.1	93.672	4867	302	6	1129	5992	1765	6628	0.0	7276
contig.00001	AY835760.1	87.377	1925	186	33	6121	8021	7134	9025	0.0	2156
contig.00001	AY835760.1	95.066	1135	50	2	1	1132	489	1620	0.0	1781
contig.00001	AY835760.1	99.315	146	1	0	1	146	9604	9749	4.81e-64	265
contig.00001	MN887613.1	92.991	5008	317	23	1129	6118	1031	6022	0.0	7273
contig.00001	MN887613.1	87.226	1918	196	28	6122	8021	6431	8317	0.0	2139
contig.00001	MN887613.1	93.341	886	53	4	253	1132	1	886	0.0	1304
contig.00001	MN043587.1	93.589	4882	303	9	1129	6005	1117	5993	0.0	7273
contig.00001	MN043587.1	86.494	1925	206	30	6121	8021	6495	8389	0.0	2065
contig.00001	MN043587.1	93.846	975	55	3	160	1132	1	972	0.0	1463
contig.00001	MZ662673.1	93.686	4862	301	6	1129	5987	1089	5947	0.0	7273
contig.00001	MZ662673.1	87.370	1916	191	30	6121	8021	6461	8340	0.0	2150
contig.00001	MZ662673.1	93.671	948	56	2	185	1132	1	944	0.0	1415
contig.00001	MZ662673.1	100.000	76	0	0	1	76	8885	8960	8.46e-27	141
contig.00001	EF175210.1	93.690	4865	296	9	1129	5986	1215	6075	0.0	7273
contig.00001	EF175210.1	95.061	1073	50	1	60	1132	1	1070	0.0	1685
contig.00001	EF175210.1	87.640	1424	145	14	6606	8021	7108	8508	0.0	1626
contig.00001	EF175210.1	79.916	478	70	17	6121	6588	6596	7057	6.05e-83	327
contig.00001	EF175210.1	100.000	65	0	0	1	65	9053	9117	1.10e-20	121
contig.00001	MZ922518.1	93.701	4858	300	6	1129	5983	1089	5943	0.0	7271
contig.00001	MZ922518.1	87.871	1921	187	24	6121	8021	6464	8358	0.0	2215
contig.00001	MZ922518.1	94.409	948	49	2	185	1132	1	944	0.0	1454
contig.00001	MZ922518.1	100.000	78	0	0	1	78	8903	8980	6.54e-28	145
contig.00001	MZ922518.1	86.364	66	6	3	6068	6131	6004	6068	4.05e-05	69.4
contig.00001	MT877450.1	93.718	4855	300	4	1129	5979	1426	6279	0.0	7271
contig.00001	MT877450.1	86.427	1923	211	25	6121	8021	6789	8683	0.0	2060
contig.00001	MT877450.1	94.180	1134	61	3	1	1132	151	1281	0.0	1724
contig.00001	MW059365.1	93.684	4861	301	6	1129	5986	972	5829	0.0	7271
contig.00001	MW059365.1	86.916	1926	199	26	6121	8018	6347	8247	0.0	2111
contig.00001	MW059365.1	93.928	807	46	2	326	1132	24	827	0.0	1216
contig.00001	MW059365.1	96.907	97	1	2	1	96	8795	8890	6.49e-33	161
contig.00001	MT559066.1	93.615	4871	310	1	1129	5999	1141	6010	0.0	7271
contig.00001	MT559066.1	86.878	1890	213	19	6143	8021	6529	8394	0.0	2084
contig.00001	MT559066.1	94.389	998	50	3	138	1132	2	996	0.0	1528
contig.00001	K03455.1	93.607	4880	298	11	1129	5999	1762	6636	0.0	7271
contig.00001	K03455.1	88.049	1891	189	25	6143	8021	7164	9029	0.0	2206
contig.00001	K03455.1	95.318	1132	50	1	1	1132	489	1617	0.0	1794
contig.00001	K03455.1	99.315	146	1	0	1	146	9574	9719	4.81e-64	265
contig.00001	U69592.1	93.687	4863	297	10	1129	5986	1308	6165	0.0	7271
contig.00001	U69592.1	87.474	1916	191	30	6121	8021	6714	8595	0.0	2163
contig.00001	U69592.1	94.611	1132	58	1	1	1132	35	1163	0.0	1749
contig.00001	U69592.1	98.413	63	1	0	1	63	9140	9202	6.63e-18	111
contig.00001	U69592.1	88.235	51	6	0	6068	6118	6235	6285	0.007	62.1
contig.00001	AY173956.1	93.629	4866	299	9	1129	5987	1012	5873	0.0	7271
contig.00001	AY173956.1	86.433	1887	196	35	6162	8021	6437	8290	0.0	2012
contig.00001	AY173956.1	94.309	861	49	0	272	1132	7	867	0.0	1319
contig.00001	AY173956.1	98.113	106	2	0	1	106	8835	8940	3.85e-40	185
contig.00001	ON015184.1	93.668	4864	300	8	1129	5988	1044	5903	0.0	7269
contig.00001	ON015184.1	84.418	1951	228	33	6121	8021	6482	8406	0.0	1849
contig.00001	ON015184.1	93.882	899	46	3	243	1132	1	899	0.0	1347
contig.00001	MT559044.1	93.603	4877	303	8	1129	5999	1011	5884	0.0	7269
contig.00001	MT559044.1	86.185	1911	212	21	6121	8021	6374	8242	0.0	2019
contig.00001	MT559044.1	93.433	868	52	3	267	1132	2	866	0.0	1282
contig.00001	KJ140259.3	93.600	4875	304	8	1129	5999	1424	6294	0.0	7267
contig.00001	KJ140259.3	86.160	1922	212	23	6121	8021	6784	8672	0.0	2026
contig.00001	KJ140259.3	95.062	1134	51	3	1	1132	149	1279	0.0	1779
contig.00001	MT877453.1	93.614	4870	308	3	1127	5995	1138	6005	0.0	7267
contig.00001	MT877453.1	86.297	1912	216	26	6143	8021	6556	8454	0.0	2037
contig.00001	MT877453.1	94.489	998	49	3	138	1132	1	995	0.0	1533
contig.00001	HM469974.1	93.609	4866	300	9	1129	5987	1761	6622	0.0	7267
contig.00001	HM469974.1	87.732	1883	184	29	6144	8013	7153	9001	0.0	2154
contig.00001	HM469974.1	94.086	1133	62	3	1	1132	488	1616	0.0	1716
contig.00001	EF175212.1	93.669	4865	297	9	1129	5986	1215	6075	0.0	7267
contig.00001	EF175212.1	95.154	1073	49	1	60	1132	1	1070	0.0	1690
contig.00001	EF175212.1	87.711	1424	144	14	6606	8021	7108	8508	0.0	1631
contig.00001	EF175212.1	79.916	478	70	17	6121	6588	6596	7057	6.05e-83	327
contig.00001	EF175212.1	100.000	65	0	0	1	65	9053	9117	1.10e-20	121
contig.00001	OP701113.1	93.633	4869	301	9	1129	5991	1098	5963	0.0	7265
contig.00001	OP701113.1	86.018	1931	207	35	6121	8021	6461	8358	0.0	2012
contig.00001	OP701113.1	93.908	952	53	3	183	1132	5	953	0.0	1432
contig.00001	OP701113.1	98.810	84	1	0	1	84	8903	8986	1.41e-29	150
contig.00001	MW754634.1	93.663	4860	304	4	1129	5986	415	5272	0.0	7265
contig.00001	MW754634.1	86.587	1916	204	30	6123	8021	5811	7690	0.0	2065
contig.00001	MW754634.1	94.841	252	11	2	881	1132	21	270	2.11e-102	392
contig.00001	MW754634.1	100.000	80	0	0	1	80	8236	8315	5.05e-29	148
contig.00001	MW754615.1	93.663	4860	304	4	1129	5986	415	5272	0.0	7265
contig.00001	MW754615.1	86.587	1916	204	30	6123	8021	5811	7690	0.0	2065
contig.00001	MW754615.1	94.841	252	11	2	881	1132	21	270	2.11e-102	392
contig.00001	MW754615.1	100.000	70	0	0	1	70	8236	8305	1.83e-23	130
contig.00001	U69590.1	93.666	4863	298	10	1129	5986	1308	6165	0.0	7265
contig.00001	U69590.1	87.409	1914	196	30	6121	8021	6714	8595	0.0	2158
contig.00001	U69590.1	94.876	1132	55	1	1	1132	35	1163	0.0	1766
contig.00001	U69590.1	98.413	63	1	0	1	63	9140	9202	6.63e-18	111
contig.00001	U69590.1	88.235	51	6	0	6068	6118	6235	6285	0.007	62.1
contig.00001	MN043589.1	93.579	4875	308	4	1129	5999	1132	6005	0.0	7263
contig.00001	MN043589.1	85.518	1892	229	25	6143	8021	6518	8377	0.0	1934
contig.00001	MN043589.1	94.545	990	49	3	145	1132	1	987	0.0	1524
contig.00001	MN043577.1	93.670	4866	290	10	1129	5979	1022	5884	0.0	7263
contig.00001	MN043577.1	86.813	1911	217	21	6121	8021	6415	8300	0.0	2100
contig.00001	MN043577.1	93.182	880	55	3	255	1132	1	877	0.0	1288
contig.00001	PV738257.1	93.618	4873	298	10	1129	5995	1117	5982	0.0	7263
contig.00001	PV738257.1	85.234	1903	214	46	6143	8021	6518	8377	0.0	1895
contig.00001	PV738257.1	94.462	975	51	1	158	1132	1	972	0.0	1498
contig.00001	PV738257.1	99.038	104	1	0	1	104	8921	9024	1.07e-40	187
contig.00001	PV738256.1	93.618	4873	298	10	1129	5995	1117	5982	0.0	7263
contig.00001	PV738256.1	85.234	1903	214	46	6143	8021	6518	8377	0.0	1895
contig.00001	PV738256.1	94.462	975	51	1	158	1132	1	972	0.0	1498
contig.00001	PV738256.1	99.038	104	1	0	1	104	8921	9024	1.07e-40	187
contig.00001	PV738255.1	93.618	4873	298	10	1129	5995	1117	5982	0.0	7263
contig.00001	PV738255.1	85.181	1903	215	46	6143	8021	6518	8377	0.0	1890
contig.00001	PV738255.1	94.462	975	51	1	158	1132	1	972	0.0	1498
contig.00001	PV738255.1	99.038	104	1	0	1	104	8921	9024	1.07e-40	187
contig.00001	PV738254.1	93.618	4873	298	10	1129	5995	1117	5982	0.0	7263
contig.00001	PV738254.1	85.234	1903	214	46	6143	8021	6518	8377	0.0	1895
contig.00001	PV738254.1	94.359	975	52	1	158	1132	1	972	0.0	1493
contig.00001	PV738254.1	99.038	104	1	0	1	104	8921	9024	1.07e-40	187
contig.00001	PV738253.1	93.618	4873	298	10	1129	5995	1117	5982	0.0	7263
contig.00001	PV738253.1	85.234	1903	214	46	6143	8021	6518	8377	0.0	1895
contig.00001	PV738253.1	94.462	975	51	1	158	1132	1	972	0.0	1498
contig.00001	PV738253.1	99.038	104	1	0	1	104	8921	9024	1.07e-40	187
contig.00001	ON015193.1	93.647	4864	301	8	1129	5988	392	5251	0.0	7263
contig.00001	ON015193.1	85.406	1946	212	34	6121	8021	5839	7757	0.0	1956
contig.00001	ON015193.1	97.351	151	4	0	982	1132	97	247	8.05e-62	257
contig.00001	MT559045.1	93.696	4854	300	6	1129	5979	1105	5955	0.0	7263
contig.00001	MT559045.1	86.670	1913	222	18	6121	8021	6504	8395	0.0	2089
contig.00001	MT559045.1	94.643	952	46	4	183	1132	12	960	0.0	1471
contig.00001	DQ487190.1	93.649	4865	300	7	1129	5987	1304	6165	0.0	7263
contig.00001	DQ487190.1	87.833	1915	193	26	6121	8018	6709	8600	0.0	2209
contig.00001	DQ487190.1	95.230	1132	48	3	1	1132	34	1159	0.0	1786
contig.00001	DQ487190.1	97.260	146	2	1	1	146	9148	9291	1.74e-58	246
contig.00001	AB221005.1	93.656	4871	288	13	1129	5984	1760	6624	0.0	7263
contig.00001	AB221005.1	87.075	1911	203	28	6121	8021	7105	8981	0.0	2121
contig.00001	AB221005.1	94.616	1133	54	4	1	1132	489	1615	0.0	1748
contig.00001	AB221005.1	100.000	59	0	0	1	59	9526	9584	2.38e-17	110
contig.00001	HM469972.1	93.588	4866	301	9	1129	5987	1761	6622	0.0	7262
contig.00001	HM469972.1	86.776	1883	202	29	6144	8013	7153	9001	0.0	2087
contig.00001	HM469972.1	94.086	1133	62	3	1	1132	488	1616	0.0	1716
contig.00001	AB485640.1	93.668	4864	292	9	1129	5989	1762	6612	0.0	7262
contig.00001	AB485640.1	86.465	1921	211	29	6121	8021	7135	9026	0.0	2061
contig.00001	AB485640.1	94.175	1133	62	2	1	1132	488	1617	0.0	1724
contig.00001	AB485640.1	100.000	59	0	0	1	59	9571	9629	2.38e-17	110
contig.00001	AB485640.1	86.441	59	5	3	6068	6124	6678	6735	0.007	62.1
contig.00001	EF175211.1	93.649	4865	298	9	1129	5986	1215	6075	0.0	7262
contig.00001	EF175211.1	95.061	1073	50	1	60	1132	1	1070	0.0	1685
contig.00001	EF175211.1	87.781	1424	143	14	6606	8021	7108	8508	0.0	1637
contig.00001	EF175211.1	79.916	478	70	17	6121	6588	6596	7057	6.05e-83	327
contig.00001	EF175211.1	100.000	65	0	0	1	65	9053	9117	1.10e-20	121
contig.00001	EF175209.1	93.649	4865	298	9	1129	5986	1215	6075	0.0	7262
contig.00001	EF175209.1	94.967	1073	51	2	60	1132	1	1070	0.0	1679
contig.00001	EF175209.1	87.781	1424	143	14	6606	8021	7108	8508	0.0	1637
contig.00001	EF175209.1	79.916	478	70	17	6121	6588	6596	7057	6.05e-83	327
contig.00001	EF175209.1	100.000	65	0	0	1	65	9053	9117	1.10e-20	121
contig.00001	MK041568.1	93.545	4880	305	8	1129	6003	1076	5950	0.0	7260
contig.00001	MK041568.1	88.071	1903	178	27	6148	8021	6484	8366	0.0	2213
contig.00001	MK041568.1	94.682	865	43	1	268	1132	70	931	0.0	1339
contig.00001	MK041568.1	98.077	52	1	0	59	110	9	60	8.64e-12	91.6
contig.00001	MW754623.1	93.642	4860	305	4	1129	5986	415	5272	0.0	7260
contig.00001	MW754623.1	86.587	1916	204	30	6123	8021	5811	7690	0.0	2065
contig.00001	MW754623.1	94.841	252	11	2	881	1132	21	270	2.11e-102	392
contig.00001	MW754623.1	100.000	70	0	0	1	70	8236	8305	1.83e-23	130
contig.00001	HM469973.1	93.609	4866	300	9	1129	5987	1761	6622	0.0	7260
contig.00001	HM469973.1	87.732	1883	184	29	6144	8013	7153	9001	0.0	2156
contig.00001	HM469973.1	94.086	1133	62	3	1	1132	488	1616	0.0	1716
contig.00001	MN989412.1	93.567	4881	297	12	1129	5999	1907	6780	0.0	7258
contig.00001	MN989412.1	87.478	1677	184	18	6127	7791	7285	8947	0.0	1910
contig.00001	MN989412.1	95.230	1132	51	1	1	1132	634	1762	0.0	1788
contig.00001	MN989412.1	99.315	146	1	0	1	146	10200	10345	4.81e-64	265
contig.00001	ON015187.1	93.643	4861	301	8	1129	5985	907	5763	0.0	7258
contig.00001	ON015187.1	84.436	1934	241	29	6121	8021	6339	8245	0.0	1849
contig.00001	ON015187.1	93.045	762	44	3	380	1132	1	762	0.0	1105
contig.00001	MZ922679.1	93.610	4867	303	8	1129	5991	1039	5901	0.0	7258
contig.00001	MZ922679.1	86.806	1910	213	24	6121	8021	6459	8338	0.0	2095
contig.00001	MZ922679.1	93.571	840	51	1	293	1132	58	894	0.0	1249
contig.00001	MZ922679.1	98.718	78	1	0	1	78	8887	8964	3.04e-26	139
contig.00001	MZ922679.1	98.387	62	1	0	185	246	1	62	2.38e-17	110
contig.00001	PX950194.1	93.661	4859	298	10	1129	5982	927	5780	0.0	7258
contig.00001	PX950194.1	87.115	1917	181	36	6142	8021	6327	8214	0.0	2111
contig.00001	PX950194.1	94.364	621	32	2	512	1132	165	782	0.0	950
contig.00001	PX950194.1	97.576	165	4	0	77	241	1	165	1.33e-69	283
contig.00001	JQ316128.1	93.673	4852	305	2	1129	5979	1440	6290	0.0	7258
contig.00001	JQ316128.1	85.260	1920	230	24	6121	8021	6854	8739	0.0	1929
contig.00001	JQ316128.1	94.965	1132	52	3	1	1132	169	1295	0.0	1770
contig.00001	AF256204.1	93.600	4875	292	13	1129	5987	1761	6631	0.0	7256
contig.00001	AF256204.1	87.361	1891	192	29	6144	8021	7195	9051	0.0	2124
contig.00001	AF256204.1	94.616	1133	55	4	1	1132	489	1616	0.0	1749
contig.00001	AF538303.1	93.501	4893	298	15	1129	6005	1782	6670	0.0	7256
contig.00001	AF538303.1	87.500	1920	193	30	6122	8021	7189	9081	0.0	2172
contig.00001	AF538303.1	94.258	1132	62	1	1	1132	509	1637	0.0	1727
contig.00001	AF538303.1	97.260	146	4	0	1	146	9649	9794	4.84e-59	248
contig.00001	KJ140251.2	93.675	4854	298	7	1129	5979	1426	6273	0.0	7254
contig.00001	KJ140251.2	87.058	1893	189	26	6143	8021	6821	8671	0.0	2087
contig.00001	KJ140251.2	94.533	1134	57	3	1	1132	151	1281	0.0	1746
contig.00001	OP701099.1	93.592	4869	303	9	1129	5991	1049	5914	0.0	7254
contig.00001	OP701099.1	86.387	1932	195	38	6121	8021	6421	8315	0.0	2049
contig.00001	OP701099.1	94.237	885	48	3	250	1132	21	904	0.0	1349
contig.00001	OP701099.1	98.810	84	1	0	1	84	8860	8943	1.41e-29	150
contig.00001	MZ662695.1	93.597	4888	272	38	1127	5987	1107	5980	0.0	7254
contig.00001	MZ662695.1	84.655	1929	238	36	6121	8021	6518	8416	0.0	1869
contig.00001	MZ662695.1	93.983	964	41	14	186	1132	1	964	0.0	1443
contig.00001	MZ662695.1	97.368	76	2	0	1	76	8961	9036	1.83e-23	130
contig.00001	MW881608.1	93.675	4854	298	7	1129	5979	228	5075	0.0	7254
contig.00001	MW881608.1	87.277	1910	198	26	6121	8021	5603	7476	0.0	2139
contig.00001	OQ092463.1	93.606	4864	304	7	1129	5987	1746	6607	0.0	7252
contig.00001	OQ092463.1	86.573	1929	197	25	6121	8021	7142	9036	0.0	2071
contig.00001	OQ092463.1	91.856	1142	54	11	1	1132	489	1601	0.0	1557
contig.00001	OQ092463.1	95.238	42	2	0	6064	6105	6681	6722	1.46e-04	67.6
contig.00001	ON015170.1	93.606	4864	303	8	1129	5988	923	5782	0.0	7252
contig.00001	ON015170.1	84.964	1942	231	36	6121	8021	6361	8282	0.0	1912
contig.00001	ON015170.1	93.686	776	40	3	366	1132	3	778	0.0	1153
contig.00001	AF224507.1	93.541	4877	306	9	1129	5999	1309	6182	0.0	7252
contig.00001	AF224507.1	86.463	1928	209	33	6121	8021	6703	8605	0.0	2067
contig.00001	AF224507.1	95.141	1132	52	2	1	1132	36	1164	0.0	1783
contig.00001	AF224507.1	100.000	66	0	0	1	66	9173	9238	3.06e-21	122
contig.00001	AY713409.1	93.597	4873	293	13	1129	5987	967	5834	0.0	7252
contig.00001	AY713409.1	86.872	1912	205	30	6121	8021	6357	8233	0.0	2098
contig.00001	AY713409.1	93.697	825	49	1	308	1132	1	822	0.0	1232
contig.00001	MN043582.1	93.638	4857	300	8	1129	5979	1115	5968	0.0	7251
contig.00001	MN043582.1	85.381	1929	222	22	6121	8021	6496	8392	0.0	1945
contig.00001	MN043582.1	94.347	973	52	2	160	1132	1	970	0.0	1489
contig.00001	MN043576.1	93.507	4882	307	6	1129	6005	1681	6557	0.0	7251
contig.00001	MN043576.1	86.729	1914	205	28	6121	8021	7056	8933	0.0	2082
contig.00001	MN043576.1	94.449	1135	54	8	1	1132	408	1536	0.0	1738
contig.00001	MZ662619.1	93.603	4862	305	5	1127	5985	1038	5896	0.0	7251
contig.00001	MZ662619.1	86.677	1929	207	28	6121	8021	6418	8324	0.0	2093
contig.00001	MZ662619.1	93.051	849	54	2	284	1132	52	895	0.0	1236
contig.00001	MZ662619.1	100.000	76	0	0	1	76	8869	8944	8.46e-27	141
contig.00001	MZ662619.1	98.361	61	1	0	185	245	1	61	8.58e-17	108
contig.00001	AF075719.1	92.910	5007	323	20	1129	6118	1773	6764	0.0	7251
contig.00001	AF075719.1	87.244	1662	184	17	6122	7774	7173	8815	0.0	1869
contig.00001	AF075719.1	93.497	1138	68	4	1	1132	491	1628	0.0	1687
contig.00001	AF075719.1	95.946	148	6	0	1	148	9346	9493	8.10e-57	241
contig.00001	KJ140255.2	93.653	4853	301	6	1129	5979	1440	6287	0.0	7249
contig.00001	KJ140255.2	86.684	1885	202	27	6151	8021	6827	8676	0.0	2045
contig.00001	KJ140255.2	94.351	1133	59	4	1	1132	167	1295	0.0	1733
contig.00001	ON015177.1	93.603	4862	304	7	1129	5986	1079	5937	0.0	7249
contig.00001	ON015177.1	93.897	934	48	3	208	1132	1	934	0.0	1400
contig.00001	ON015177.1	85.897	1326	154	16	6121	7434	6518	7822	0.0	1382
contig.00001	AY835761.1	93.602	4861	305	6	1129	5986	1762	6619	0.0	7249
contig.00001	AY835761.1	85.864	1910	210	26	6143	8021	7220	9100	0.0	1977
contig.00001	AY835761.1	94.876	1132	55	1	1	1132	489	1617	0.0	1766
contig.00001	AY835761.1	97.945	146	3	0	1	146	9679	9824	1.04e-60	254
contig.00001	AY835761.1	89.091	55	6	0	6064	6118	6700	6754	4.05e-05	69.4
contig.00001	AY835775.1	93.607	4865	298	12	1129	5986	1756	6614	0.0	7249
contig.00001	AY835775.1	87.767	1921	178	25	6122	8021	7148	9032	0.0	2193
contig.00001	AY835775.1	95.406	1132	43	2	1	1132	489	1611	0.0	1794
contig.00001	AY835775.1	99.315	146	1	0	1	146	9577	9722	4.81e-64	265
contig.00001	AY835775.1	88.235	51	6	0	6068	6118	6690	6740	0.007	62.1
contig.00001	ON015172.1	93.587	4865	302	10	1129	5988	921	5780	0.0	7247
contig.00001	ON015172.1	86.436	1762	196	19	6121	7862	6365	8103	0.0	1890
contig.00001	ON015172.1	93.041	776	45	2	366	1132	1	776	0.0	1125
contig.00001	DQ854714.1	93.588	4866	301	9	1129	5987	1764	6625	0.0	7247
contig.00001	DQ854714.1	87.639	1893	189	29	6144	8021	7189	9051	0.0	2158
contig.00001	DQ854714.1	93.921	1135	62	5	1	1132	489	1619	0.0	1707
contig.00001	DQ854714.1	95.946	148	4	2	1	146	9596	9743	2.92e-56	239
contig.00001	KF561442.2	93.568	4866	306	5	1129	5992	1422	6282	0.0	7245
contig.00001	KF561442.2	86.977	1889	207	24	6143	8021	6811	8670	0.0	2089
contig.00001	KF561442.2	94.258	1132	60	3	1	1132	151	1277	0.0	1725
contig.00001	OP701111.1	93.587	4865	301	11	1129	5986	1101	5961	0.0	7245
contig.00001	OP701111.1	94.433	952	51	2	183	1132	5	956	0.0	1463
contig.00001	OP701111.1	87.543	875	84	12	7161	8021	7453	8316	0.0	989
contig.00001	OP701111.1	84.561	991	107	25	6143	7115	6490	7452	0.0	941
contig.00001	OP701111.1	98.810	84	1	0	1	84	8849	8932	1.41e-29	150
contig.00001	GQ386795.1	93.559	4875	294	15	1129	5987	1762	6632	0.0	7245
contig.00001	GQ386795.1	87.691	1893	188	30	6144	8021	7178	9040	0.0	2163
contig.00001	GQ386795.1	93.910	1133	65	2	1	1132	488	1617	0.0	1707
contig.00001	GQ386794.1	93.559	4875	294	15	1129	5987	1762	6632	0.0	7245
contig.00001	GQ386794.1	87.639	1893	188	31	6144	8021	7178	9039	0.0	2158
contig.00001	GQ386794.1	93.998	1133	64	2	1	1132	488	1617	0.0	1712
contig.00001	DQ127537.1	93.568	4866	306	7	1129	5990	973	5835	0.0	7245
contig.00001	DQ127537.1	86.843	1923	191	33	6121	8021	6342	8224	0.0	2093
contig.00001	DQ127537.1	93.863	831	48	2	302	1132	1	828	0.0	1249
contig.00001	MN043594.1	93.550	4868	306	8	1129	5992	973	5836	0.0	7243
contig.00001	MN043594.1	86.395	1911	222	18	6121	8021	6333	8215	0.0	2054
contig.00001	MN043594.1	93.742	831	49	2	302	1132	1	828	0.0	1243
contig.00001	PX947889.1	93.602	4861	299	12	1129	5983	1205	6059	0.0	7243
contig.00001	PX947889.1	87.387	1887	203	22	6143	8021	6588	8447	0.0	2134
contig.00001	PX947889.1	93.133	1063	63	4	77	1132	1	1060	0.0	1550
contig.00001	AY331289.1	93.482	4879	311	5	1129	6005	974	5847	0.0	7243
contig.00001	AY331289.1	85.581	1935	220	38	6123	8021	6335	8246	0.0	1973
contig.00001	AY331289.1	92.067	832	63	1	301	1132	1	829	0.0	1171
contig.00001	MT224126.1	93.612	4853	306	4	1129	5979	1709	6559	0.0	7241
contig.00001	MT224126.1	86.538	1924	204	37	6113	8021	7071	8954	0.0	2067
contig.00001	MT224126.1	95.595	1135	44	3	1	1132	433	1564	0.0	1814
contig.00001	ON015202.1	93.564	4863	307	6	1129	5988	917	5776	0.0	7241
contig.00001	ON015202.1	84.566	1393	172	23	6121	7493	6385	7754	0.0	1341
contig.00001	ON015202.1	93.264	772	42	4	371	1132	1	772	0.0	1129
contig.00001	ON015188.1	93.565	4864	305	8	1129	5988	907	5766	0.0	7241
contig.00001	ON015188.1	84.805	1948	229	29	6121	8021	6348	8275	0.0	1895
contig.00001	ON015188.1	93.701	762	39	3	380	1132	1	762	0.0	1133
contig.00001	FJ496164.1	93.580	4860	306	6	1127	5983	1178	6034	0.0	7241
contig.00001	FJ496164.1	86.765	1904	186	37	6143	8021	6587	8449	0.0	2060
contig.00001	FJ496164.1	94.033	1039	58	2	94	1132	1	1035	0.0	1572
contig.00001	FJ496161.1	93.580	4860	306	6	1127	5983	1178	6034	0.0	7241
contig.00001	FJ496161.1	86.765	1904	186	37	6143	8021	6587	8449	0.0	2060
contig.00001	FJ496161.1	94.033	1039	58	2	94	1132	1	1035	0.0	1572
contig.00001	FJ496160.1	93.580	4860	306	6	1127	5983	1177	6033	0.0	7241
contig.00001	FJ496160.1	86.712	1904	187	37	6143	8021	6586	8448	0.0	2054
contig.00001	FJ496160.1	93.936	1039	58	3	94	1132	1	1034	0.0	1565
contig.00001	U39362.2	93.536	4873	302	10	1129	5995	1761	6626	0.0	7241
contig.00001	U39362.2	85.234	1903	214	47	6143	8021	7162	9021	0.0	1895
contig.00001	U39362.2	94.876	1132	55	1	1	1132	488	1616	0.0	1766
contig.00001	U39362.2	95.918	147	6	0	1	147	9565	9711	2.92e-56	239
contig.00001	KJ140245.2	93.547	4866	307	5	1129	5992	1422	6282	0.0	7239
contig.00001	KJ140245.2	86.117	1916	215	29	6121	8021	6800	8679	0.0	2017
contig.00001	KJ140245.2	94.366	1136	57	3	1	1132	145	1277	0.0	1736
contig.00001	OM209959.1	93.562	4862	307	6	1129	5987	1109	5967	0.0	7239
contig.00001	OM209959.1	87.181	1919	192	28	6121	8021	6475	8357	0.0	2132
contig.00001	OM209959.1	94.105	967	54	1	166	1132	1	964	0.0	1467
contig.00001	OM209958.1	93.562	4862	307	6	1129	5987	1103	5961	0.0	7239
contig.00001	OM209958.1	87.181	1919	192	28	6121	8021	6469	8351	0.0	2132
contig.00001	OM209958.1	94.173	961	53	1	172	1132	1	958	0.0	1461
contig.00001	AF256209.1	93.538	4875	295	13	1129	5987	1761	6631	0.0	7239
contig.00001	AF256209.1	87.521	1747	184	23	6144	7876	7195	8921	0.0	1988
contig.00001	AF256209.1	94.528	1133	57	3	1	1132	488	1616	0.0	1744
contig.00001	AF256209.1	91.489	47	4	0	7975	8021	8937	8983	5.24e-04	65.8
contig.00001	MN887622.1	92.857	5012	321	24	1129	6118	1031	6027	0.0	7238
contig.00001	MN887622.1	87.070	1918	199	28	6122	8021	6436	8322	0.0	2122
contig.00001	MN887622.1	93.228	886	54	4	253	1132	1	886	0.0	1299
contig.00001	OP700913.1	93.550	4868	301	11	1129	5991	1101	5960	0.0	7238
contig.00001	OP700913.1	87.539	1918	199	28	6121	8021	6500	8394	0.0	2182
contig.00001	OP700913.1	94.433	952	48	3	183	1132	8	956	0.0	1459
contig.00001	OP700913.1	100.000	90	0	0	1	90	8939	9028	1.40e-34	167
contig.00001	OP701097.1	93.530	4869	306	9	1129	5991	1098	5963	0.0	7238
contig.00001	OP701097.1	86.446	1933	195	38	6121	8021	6464	8361	0.0	2056
contig.00001	OP701097.1	94.538	952	47	3	183	1132	5	953	0.0	1465
contig.00001	OP701097.1	98.810	84	1	0	1	84	8906	8989	1.41e-29	150
contig.00001	MZ922627.1	93.544	4864	308	6	1129	5989	1019	5879	0.0	7238
contig.00001	MZ922627.1	87.533	1917	201	27	6121	8021	6433	8327	0.0	2182
contig.00001	MZ922627.1	93.556	807	49	2	326	1132	71	874	0.0	1199
contig.00001	MZ922627.1	100.000	78	0	0	1	78	8871	8948	6.54e-28	145
contig.00001	MZ922627.1	98.571	70	1	0	185	254	1	70	8.52e-22	124
contig.00001	FJ496165.1	93.560	4860	307	6	1127	5983	1179	6035	0.0	7238
contig.00001	FJ496165.1	86.765	1904	186	37	6143	8021	6588	8450	0.0	2060
contig.00001	FJ496165.1	93.942	1040	58	3	94	1132	1	1036	0.0	1567
contig.00001	FJ496159.1	93.560	4860	307	6	1127	5983	1178	6034	0.0	7238
contig.00001	FJ496159.1	86.765	1904	186	37	6143	8021	6587	8449	0.0	2060
contig.00001	FJ496159.1	94.033	1039	58	2	94	1132	1	1035	0.0	1572
contig.00001	KT124743.1	93.462	4879	312	5	1129	6005	973	5846	0.0	7236
contig.00001	KT124743.1	85.581	1935	220	38	6123	8021	6334	8245	0.0	1973
contig.00001	KT124743.1	92.539	831	59	1	302	1132	1	828	0.0	1188
contig.00001	ON015201.1	93.546	4865	304	10	1129	5988	910	5769	0.0	7236
contig.00001	ON015201.1	85.071	1400	166	21	6121	7500	6348	7724	0.0	1387
contig.00001	ON015201.1	93.203	765	43	5	377	1132	1	765	0.0	1116
contig.00001	ON015200.1	93.543	4863	308	6	1129	5988	967	5826	0.0	7236
contig.00001	ON015200.1	84.936	1945	220	27	6121	8021	6435	8350	0.0	1901
contig.00001	ON015200.1	93.666	821	43	3	321	1132	2	822	0.0	1219
contig.00001	ON015175.1	93.544	4864	306	8	1129	5988	1052	5911	0.0	7236
contig.00001	ON015175.1	85.355	1946	213	28	6121	8021	6493	8411	0.0	1949
contig.00001	ON015175.1	93.605	907	49	3	235	1132	1	907	0.0	1345
contig.00001	FJ496158.1	93.560	4860	307	6	1127	5983	1178	6034	0.0	7236
contig.00001	FJ496158.1	86.765	1904	186	37	6143	8021	6587	8449	0.0	2060
contig.00001	FJ496158.1	94.033	1039	58	2	94	1132	1	1035	0.0	1572
contig.00001	U21135.1	93.560	4860	307	6	1127	5983	1759	6615	0.0	7236
contig.00001	U21135.1	86.660	1904	188	37	6143	8021	7168	9030	0.0	2049
contig.00001	U21135.1	94.435	1132	59	2	1	1132	489	1616	0.0	1738
contig.00001	U21135.1	99.320	147	1	0	1	147	9574	9720	1.34e-64	267
contig.00001	ON816052.1	92.834	5010	328	19	1129	6118	1058	6056	0.0	7234
contig.00001	ON816052.1	86.954	1924	193	31	6121	8021	6463	8351	0.0	2109
contig.00001	ON816052.1	93.537	851	43	2	294	1132	63	913	0.0	1256
contig.00001	ON816052.1	97.368	76	2	0	1	76	8897	8972	1.83e-23	130
contig.00001	ON816052.1	95.238	63	2	1	187	249	3	64	5.16e-14	99.0
contig.00001	PX951341.1	93.436	4890	301	16	1129	6005	1200	6082	0.0	7234
contig.00001	PX951341.1	93.296	1059	64	3	77	1132	1	1055	0.0	1555
contig.00001	PX951341.1	85.749	1242	149	21	6121	7348	6572	7799	0.0	1288
contig.00001	FJ496163.1	93.560	4860	306	7	1127	5983	1178	6033	0.0	7234
contig.00001	FJ496163.1	86.607	1904	185	38	6143	8021	6586	8444	0.0	2039
contig.00001	FJ496163.1	94.033	1039	58	2	94	1132	1	1035	0.0	1572
contig.00001	AY308760.1	93.511	4870	303	12	1129	5991	973	5836	0.0	7234
contig.00001	AY308760.1	87.330	1910	209	20	6121	8021	6349	8234	0.0	2156
contig.00001	AY308760.1	94.103	831	46	2	302	1132	1	828	0.0	1260
contig.00001	AY835763.1	92.920	4986	334	16	1129	6103	1762	6739	0.0	7234
contig.00001	AY835763.1	86.424	1952	195	34	6121	8021	7162	9094	0.0	2073
contig.00001	AY835763.1	94.876	1132	55	2	1	1132	489	1617	0.0	1766
contig.00001	AY835763.1	99.315	146	1	0	1	146	9639	9784	4.81e-64	265
contig.00001	MK384379.1	93.539	4860	310	4	1129	5986	1027	5884	0.0	7232
contig.00001	MK384379.1	87.334	1887	186	25	6143	8021	6437	8278	0.0	2111
contig.00001	MK384379.1	94.203	828	45	1	305	1132	58	882	0.0	1260
contig.00001	MK384379.1	98.182	55	1	0	63	117	1	55	1.86e-13	97.1
contig.00001	MK384379.1	97.297	37	1	0	6068	6104	5948	5984	0.002	63.9
contig.00001	KT259315.1	93.497	4875	297	15	1129	5987	1762	6632	0.0	7232
contig.00001	KT259315.1	87.378	1743	182	28	6144	7870	7178	8898	0.0	1971
contig.00001	KT259315.1	93.733	1133	67	2	1	1132	488	1617	0.0	1696
contig.00001	KT259315.1	93.617	47	3	0	7975	8021	8994	9040	1.13e-05	71.3
contig.00001	KT259308.1	93.444	4866	308	9	1129	5987	1761	6622	0.0	7232
contig.00001	KT259308.1	87.254	1883	193	28	6144	8013	7153	9001	0.0	2117
contig.00001	KT259308.1	94.175	1133	61	3	1	1132	488	1616	0.0	1722
contig.00001	OP701115.1	93.510	4869	307	9	1129	5991	1098	5963	0.0	7232
contig.00001	OP701115.1	86.446	1933	195	38	6121	8021	6464	8361	0.0	2056
contig.00001	OP701115.1	94.538	952	47	3	183	1132	5	953	0.0	1465
contig.00001	OP701115.1	98.810	84	1	0	1	84	8906	8989	1.41e-29	150
contig.00001	FJ496166.1	93.539	4860	308	6	1127	5983	1178	6034	0.0	7232
contig.00001	FJ496166.1	86.712	1904	187	37	6143	8021	6587	8449	0.0	2054
contig.00001	FJ496166.1	94.033	1039	58	2	94	1132	1	1035	0.0	1572
contig.00001	AY835766.1	93.418	4892	302	17	1129	6007	1762	6646	0.0	7232
contig.00001	AY835766.1	87.507	1921	194	24	6121	8021	7131	9025	0.0	2176
contig.00001	AY835766.1	94.965	1132	54	1	1	1132	489	1617	0.0	1772
contig.00001	AY835766.1	99.315	146	1	0	1	146	9570	9715	4.81e-64	265
contig.00001	PV738262.1	93.506	4866	310	6	1129	5991	1129	5991	0.0	7230
contig.00001	PV738262.1	86.456	1927	209	30	6121	8021	6519	8419	0.0	2065
contig.00001	PV738262.1	91.895	987	65	5	158	1132	1	984	0.0	1365
contig.00001	PV738262.1	97.115	104	3	0	1	104	8987	9090	2.32e-37	176
contig.00001	PX951338.1	93.509	4868	306	7	1129	5988	612	5477	0.0	7230
contig.00001	PX951338.1	87.136	1889	199	24	6158	8021	6057	7926	0.0	2102
contig.00001	PX951338.1	92.901	324	23	0	809	1132	144	467	2.64e-126	472
contig.00001	PX951338.1	95.862	145	5	1	77	221	1	144	1.36e-54	233
contig.00001	DQ854715.1	93.527	4866	304	9	1129	5987	1764	6625	0.0	7230
contig.00001	DQ854715.1	87.632	1892	191	27	6144	8021	7189	9051	0.0	2158
contig.00001	DQ854715.1	94.626	1135	54	5	1	1132	489	1619	0.0	1751
contig.00001	DQ854715.1	96.622	148	3	2	1	146	9596	9743	6.27e-58	244
contig.00001	DQ295194.1	93.560	4860	301	9	1129	5979	1741	6597	0.0	7230
contig.00001	DQ295194.1	86.304	1913	220	26	6121	8021	7110	8992	0.0	2043
contig.00001	DQ295194.1	94.885	1134	53	3	1	1132	466	1596	0.0	1770
contig.00001	MK384836.1	93.544	4864	299	13	1129	5983	1089	5946	0.0	7228
contig.00001	MK384836.1	87.513	1898	185	33	6144	8021	6499	8364	0.0	2145
contig.00001	MK384836.1	92.063	756	51	5	386	1132	189	944	0.0	1055
contig.00001	MK384836.1	95.263	190	8	1	68	257	1	189	1.32e-74	300
contig.00001	MK384797.1	93.543	4863	301	11	1129	5983	1194	6051	0.0	7228
contig.00001	MK384797.1	87.704	1895	187	27	6144	8021	6586	8451	0.0	2167
contig.00001	MK384797.1	92.770	1065	61	3	68	1132	1	1049	0.0	1526
contig.00001	MK384720.1	93.544	4864	299	13	1129	5983	1085	5942	0.0	7228
contig.00001	MK384720.1	87.513	1898	185	33	6144	8021	6495	8360	0.0	2145
contig.00001	MK384720.1	92.063	756	51	5	386	1132	185	940	0.0	1055
contig.00001	MK384720.1	95.161	186	8	1	72	257	1	185	2.21e-72	292
contig.00001	MK383819.1	93.544	4864	299	13	1129	5983	1087	5944	0.0	7228
contig.00001	MK383819.1	87.513	1898	185	33	6144	8021	6497	8362	0.0	2145
contig.00001	MK383819.1	92.063	756	51	5	386	1132	187	942	0.0	1055
contig.00001	MK383819.1	95.213	188	8	1	70	257	1	187	1.71e-73	296
contig.00001	M26727.1	93.542	4862	303	9	1129	5986	1308	6162	0.0	7228
contig.00001	M26727.1	87.002	1908	180	31	6143	8021	6715	8583	0.0	2087
contig.00001	M26727.1	94.351	1133	59	4	1	1132	35	1163	0.0	1733
contig.00001	M26727.1	100.000	63	0	0	1	63	9128	9190	1.43e-19	117
contig.00001	OP700962.1	93.519	4860	309	6	1129	5985	344	5200	0.0	7225
contig.00001	OP700962.1	86.828	1898	188	31	6164	8021	5783	7658	0.0	2063
contig.00001	OP700962.1	96.639	119	4	0	1014	1132	81	199	4.95e-44	198
contig.00001	OP700962.1	100.000	88	0	0	1	88	8229	8316	1.80e-33	163
contig.00001	ON015174.1	93.503	4864	308	8	1129	5988	923	5782	0.0	7225
contig.00001	ON015174.1	85.214	1941	222	29	6121	8021	6355	8270	0.0	1934
contig.00001	ON015174.1	93.686	776	40	3	366	1132	3	778	0.0	1153
contig.00001	ON015171.1	93.502	4863	310	6	1129	5988	921	5780	0.0	7225
contig.00001	ON015171.1	84.912	1942	232	34	6121	8021	6359	8280	0.0	1906
contig.00001	ON015171.1	93.686	776	40	3	366	1132	1	776	0.0	1153
contig.00001	FJ496162.1	93.498	4860	310	6	1127	5983	1178	6034	0.0	7225
contig.00001	FJ496162.1	86.765	1904	186	37	6143	8021	6587	8449	0.0	2060
contig.00001	FJ496162.1	93.840	1039	60	2	94	1132	1	1035	0.0	1565
contig.00001	MN043585.1	93.470	4870	309	8	1129	5992	1117	5983	0.0	7223
contig.00001	MN043585.1	86.399	1919	228	20	6121	8021	6486	8389	0.0	2067
contig.00001	MN043585.1	94.667	975	47	3	160	1132	1	972	0.0	1507
contig.00001	MN043580.1	93.432	4872	318	2	1129	5999	1127	5997	0.0	7223
contig.00001	MN043580.1	86.013	1916	220	23	6121	8021	6487	8369	0.0	2010
contig.00001	MN043580.1	94.010	985	54	3	150	1132	1	982	0.0	1487
contig.00001	KJ140253.2	93.552	4854	304	7	1129	5979	1415	6262	0.0	7221
contig.00001	KJ140253.2	85.773	1933	223	29	6121	8021	6763	8675	0.0	1999
contig.00001	KJ140253.2	94.700	1132	57	2	1	1132	142	1270	0.0	1755
contig.00001	MN685352.1	93.473	4872	302	11	1129	5992	1309	6172	0.0	7221
contig.00001	MN685352.1	89.233	1746	160	16	6284	8021	6841	8566	0.0	2158
contig.00001	MN685352.1	95.495	1132	48	1	1	1132	36	1164	0.0	1805
contig.00001	MN685352.1	100.000	63	0	0	1	63	9111	9173	1.43e-19	117
contig.00001	MN685350.1	93.473	4872	302	11	1129	5992	1309	6172	0.0	7221
contig.00001	MN685350.1	87.775	1906	199	21	6127	8021	6684	8566	0.0	2198
contig.00001	MN685350.1	95.495	1132	48	1	1	1132	36	1164	0.0	1805
contig.00001	MN685350.1	100.000	63	0	0	1	63	9111	9173	1.43e-19	117
contig.00001	MK383589.1	93.521	4862	302	11	1129	5982	1223	6079	0.0	7221
contig.00001	MK383589.1	87.520	1899	195	26	6144	8021	6615	8492	0.0	2156
contig.00001	MK383589.1	92.329	1069	70	8	74	1132	12	1078	0.0	1509
contig.00001	MK383574.1	93.521	4862	302	11	1129	5982	1223	6079	0.0	7221
contig.00001	MK383574.1	87.467	1899	196	26	6144	8021	6615	8492	0.0	2150
contig.00001	MK383574.1	92.407	1080	70	8	63	1132	1	1078	0.0	1530
contig.00001	MK383551.1	93.521	4862	302	11	1129	5982	1218	6074	0.0	7221
contig.00001	MK383551.1	87.520	1899	195	26	6144	8021	6610	8487	0.0	2156
contig.00001	MK383551.1	92.372	1075	70	8	68	1132	1	1073	0.0	1520
contig.00001	MK383542.1	93.521	4862	302	11	1129	5982	1218	6074	0.0	7221
contig.00001	MK383542.1	87.520	1899	195	26	6144	8021	6610	8487	0.0	2156
contig.00001	MK383542.1	92.372	1075	70	8	68	1132	1	1073	0.0	1520
contig.00001	MK383539.1	93.521	4862	302	11	1129	5982	1223	6079	0.0	7221
contig.00001	MK383539.1	87.520	1899	195	26	6144	8021	6615	8492	0.0	2156
contig.00001	MK383539.1	92.407	1080	70	8	63	1132	1	1078	0.0	1530
contig.00001	MK383536.1	93.521	4862	302	11	1129	5982	1218	6074	0.0	7221
contig.00001	MK383536.1	87.520	1899	195	26	6144	8021	6610	8487	0.0	2156
contig.00001	MK383536.1	92.372	1075	70	8	68	1132	1	1073	0.0	1520
contig.00001	MK383534.1	93.521	4862	302	11	1129	5982	1221	6077	0.0	7221
contig.00001	MK383534.1	87.520	1899	195	26	6144	8021	6613	8490	0.0	2156
contig.00001	MK383534.1	92.393	1078	70	8	65	1132	1	1076	0.0	1526
contig.00001	MK383531.1	93.521	4862	302	11	1129	5982	1223	6079	0.0	7221
contig.00001	MK383531.1	87.520	1899	195	26	6144	8021	6615	8492	0.0	2156
contig.00001	MK383531.1	92.400	1079	70	8	64	1132	2	1078	0.0	1528
contig.00001	MK383530.1	93.521	4862	302	11	1129	5982	1223	6079	0.0	7221
contig.00001	MK383530.1	87.520	1899	195	26	6144	8021	6615	8492	0.0	2156
contig.00001	MK383530.1	92.407	1080	70	8	63	1132	1	1078	0.0	1530
contig.00001	MK383528.1	93.521	4862	302	11	1129	5982	1213	6069	0.0	7221
contig.00001	MK383528.1	87.520	1899	195	26	6144	8021	6605	8482	0.0	2156
contig.00001	MK383528.1	92.336	1070	70	8	73	1132	1	1068	0.0	1511
contig.00001	MK383524.1	93.521	4862	302	11	1129	5982	1218	6074	0.0	7221
contig.00001	MK383524.1	87.520	1899	195	26	6144	8021	6610	8487	0.0	2156
contig.00001	MK383524.1	92.372	1075	70	8	68	1132	1	1073	0.0	1520
contig.00001	MK383523.1	93.521	4862	302	11	1129	5982	1221	6077	0.0	7221
contig.00001	MK383523.1	87.520	1899	195	26	6144	8021	6613	8490	0.0	2156
contig.00001	MK383523.1	92.393	1078	70	8	65	1132	1	1076	0.0	1526
contig.00001	MK383522.1	93.521	4862	302	11	1129	5982	1216	6072	0.0	7221
contig.00001	MK383522.1	87.520	1899	195	26	6144	8021	6608	8485	0.0	2156
contig.00001	MK383522.1	92.358	1073	70	8	70	1132	1	1071	0.0	1517
contig.00001	MK383519.1	93.521	4862	302	11	1129	5982	1223	6079	0.0	7221
contig.00001	MK383519.1	87.520	1899	195	26	6144	8021	6615	8492	0.0	2156
contig.00001	MK383519.1	92.407	1080	70	8	63	1132	1	1078	0.0	1530
contig.00001	MK383517.1	93.521	4862	302	11	1129	5982	1218	6074	0.0	7221
contig.00001	MK383517.1	87.520	1899	195	26	6144	8021	6610	8487	0.0	2156
contig.00001	MK383517.1	92.372	1075	70	8	68	1132	1	1073	0.0	1520
contig.00001	MK383511.1	93.521	4862	302	11	1129	5982	1223	6079	0.0	7221
contig.00001	MK383511.1	87.520	1899	195	26	6144	8021	6615	8492	0.0	2156
contig.00001	MK383511.1	92.344	1071	70	8	72	1132	10	1078	0.0	1513
contig.00001	MK383505.1	93.521	4862	302	11	1129	5982	1223	6079	0.0	7221
contig.00001	MK383505.1	87.520	1899	195	26	6144	8021	6615	8492	0.0	2156
contig.00001	MK383505.1	92.407	1080	70	8	63	1132	1	1078	0.0	1530
contig.00001	MK383503.1	93.521	4862	302	11	1129	5982	1216	6072	0.0	7221
contig.00001	MK383503.1	87.520	1899	195	26	6144	8021	6608	8485	0.0	2156
contig.00001	MK383503.1	92.358	1073	70	8	70	1132	1	1071	0.0	1517
contig.00001	MK383502.1	93.521	4862	302	11	1129	5982	1223	6079	0.0	7221
contig.00001	MK383502.1	87.520	1899	195	26	6144	8021	6615	8492	0.0	2156
contig.00001	MK383502.1	92.344	1071	70	8	72	1132	10	1078	0.0	1513
contig.00001	MK383498.1	93.521	4862	302	11	1129	5982	1218	6074	0.0	7221
contig.00001	MK383498.1	87.520	1899	195	26	6144	8021	6610	8487	0.0	2156
contig.00001	MK383498.1	92.372	1075	70	8	68	1132	1	1073	0.0	1520
contig.00001	MK383497.1	93.521	4862	302	11	1129	5982	1223	6079	0.0	7221
contig.00001	MK383497.1	87.520	1899	195	26	6144	8021	6615	8492	0.0	2156
contig.00001	MK383497.1	92.407	1080	70	8	63	1132	1	1078	0.0	1530
contig.00001	MK383493.1	93.521	4862	302	11	1129	5982	1218	6074	0.0	7221
contig.00001	MK383493.1	87.520	1899	195	26	6144	8021	6610	8487	0.0	2156
contig.00001	MK383493.1	92.372	1075	70	8	68	1132	1	1073	0.0	1520
contig.00001	MK383492.1	93.521	4862	302	11	1129	5982	1218	6074	0.0	7221
contig.00001	MK383492.1	87.520	1899	195	26	6144	8021	6610	8487	0.0	2156
contig.00001	MK383492.1	92.372	1075	70	8	68	1132	1	1073	0.0	1520
contig.00001	MK383491.1	93.521	4862	302	11	1129	5982	1219	6075	0.0	7221
contig.00001	MK383491.1	87.520	1899	195	26	6144	8021	6611	8488	0.0	2156
contig.00001	MK383491.1	92.372	1075	70	8	68	1132	2	1074	0.0	1520
contig.00001	MK383488.1	93.521	4862	302	11	1129	5982	1216	6072	0.0	7221
contig.00001	MK383488.1	87.520	1899	195	26	6144	8021	6608	8485	0.0	2156
contig.00001	MK383488.1	92.358	1073	70	8	70	1132	1	1071	0.0	1517
contig.00001	MK383485.1	93.521	4862	302	11	1129	5982	1221	6077	0.0	7221
contig.00001	MK383485.1	87.520	1899	195	26	6144	8021	6613	8490	0.0	2156
contig.00001	MK383485.1	92.300	1065	70	8	78	1132	14	1076	0.0	1502
contig.00001	MK383464.1	93.521	4862	302	11	1129	5982	1218	6074	0.0	7221
contig.00001	MK383464.1	87.520	1899	195	26	6144	8021	6610	8487	0.0	2156
contig.00001	MK383464.1	92.372	1075	70	8	68	1132	1	1073	0.0	1520
contig.00001	MK383403.1	93.521	4862	302	11	1129	5982	1218	6074	0.0	7221
contig.00001	MK383403.1	87.520	1899	195	26	6144	8021	6610	8487	0.0	2156
contig.00001	MK383403.1	92.372	1075	70	8	68	1132	1	1073	0.0	1520
contig.00001	OP701095.1	93.469	4869	309	9	1129	5991	381	5246	0.0	7221
contig.00001	OP701095.1	86.712	1919	206	29	6123	8021	5791	7680	0.0	2085
contig.00001	OP701095.1	97.156	211	6	0	922	1132	26	236	7.71e-92	357
contig.00001	OP701095.1	98.810	84	1	0	1	84	8225	8308	1.41e-29	150
contig.00001	EF514708.1	93.476	4859	306	10	1129	5983	1139	5990	0.0	7221
contig.00001	EF514708.1	88.966	1595	140	16	6451	8021	6799	8381	0.0	1943
contig.00001	EF514708.1	92.246	993	70	2	146	1132	3	994	0.0	1404
contig.00001	EF514708.1	78.676	272	51	6	6121	6390	6499	6765	6.45e-38	178
contig.00001	AY331290.1	93.359	4879	317	5	1129	6005	974	5847	0.0	7221
contig.00001	AY331290.1	85.581	1935	220	38	6123	8021	6335	8246	0.0	1973
contig.00001	AY331290.1	92.548	832	59	1	301	1132	1	829	0.0	1190
contig.00001	ON015198.1	93.483	4864	309	8	1129	5988	927	5786	0.0	7219
contig.00001	ON015198.1	93.606	782	41	3	360	1132	1	782	0.0	1158
contig.00001	ON015198.1	86.803	538	69	2	7016	7552	6951	7487	1.16e-164	599
contig.00001	ON015198.1	80.033	601	85	29	6121	6703	6374	6957	1.62e-108	412
contig.00001	ON015186.1	93.481	4863	311	6	1129	5988	1046	5905	0.0	7219
contig.00001	ON015186.1	93.348	902	49	5	241	1132	1	901	0.0	1323
contig.00001	ON015186.1	84.947	1322	168	19	6121	7434	6487	7785	0.0	1310
contig.00001	ON015186.1	98.276	58	1	0	1	58	8179	8236	3.99e-15	102
contig.00001	MZ868394.1	93.429	4885	296	19	1129	5999	1762	6635	0.0	7219
contig.00001	MZ868394.1	88.095	1890	190	23	6143	8021	7168	9033	0.0	2211
contig.00001	MZ868394.1	95.044	1130	53	1	3	1132	491	1617	0.0	1773
contig.00001	MZ868394.1	100.000	74	0	0	3	76	9580	9653	1.09e-25	137
contig.00001	MK385355.1	93.383	4881	316	7	1127	6005	999	5874	0.0	7217
contig.00001	MK385355.1	87.381	1886	187	23	6143	8021	6396	8237	0.0	2117
contig.00001	MK385355.1	94.576	719	36	1	414	1132	141	856	0.0	1109
contig.00001	MK385355.1	94.444	144	8	0	64	207	2	145	2.94e-51	222
contig.00001	MK385355.1	89.286	56	6	0	6063	6118	5905	5960	1.13e-05	71.3
contig.00001	MK384583.1	93.502	4863	303	11	1129	5983	1178	6035	0.0	7217
contig.00001	MK384583.1	87.272	1917	209	24	6121	8021	6568	8465	0.0	2156
contig.00001	MK384583.1	92.491	879	57	6	263	1132	155	1033	0.0	1249
contig.00001	MK384583.1	94.268	157	9	0	70	226	1	157	8.10e-57	241
contig.00001	MG571983.1	93.503	4864	300	10	1129	5987	1211	6063	0.0	7217
contig.00001	MG571983.1	89.664	1606	125	15	6441	8021	6876	8465	0.0	2008
contig.00001	MG571983.1	92.804	1070	72	3	64	1132	1	1066	0.0	1546
contig.00001	MG571983.1	77.154	267	52	6	6121	6381	6589	6852	1.82e-28	147
contig.00001	MZ868395.1	93.491	4870	295	16	1129	5987	1762	6620	0.0	7217
contig.00001	MZ868395.1	88.095	1890	190	23	6143	8021	7175	9040	0.0	2211
contig.00001	MZ868395.1	95.044	1130	53	1	3	1132	491	1617	0.0	1773
contig.00001	MZ868395.1	100.000	74	0	0	3	76	9587	9660	1.09e-25	137
contig.00001	OK533189.1	93.515	4857	307	8	1129	5981	949	5801	0.0	7217
contig.00001	OK533189.1	86.467	1899	204	29	6143	8021	6359	8224	0.0	2034
contig.00001	OK533189.1	91.450	807	63	2	329	1132	1	804	0.0	1103
contig.00001	PX950195.1	92.851	4994	328	20	1129	6103	799	5782	0.0	7217
contig.00001	PX950195.1	87.193	1749	187	23	6142	7873	6223	7951	0.0	1954
contig.00001	PX950195.1	94.213	553	29	2	580	1132	105	654	0.0	841
contig.00001	PX950195.1	86.702	188	16	3	7834	8021	7950	8128	1.38e-44	200
contig.00001	PX950195.1	98.039	102	2	0	77	178	1	102	6.45e-38	178
contig.00001	GQ386790.1	93.456	4875	299	15	1129	5987	1761	6631	0.0	7217
contig.00001	GQ386790.1	87.521	1747	184	23	6144	7876	7195	8921	0.0	1988
contig.00001	GQ386790.1	94.263	1133	60	3	1	1132	488	1616	0.0	1727
contig.00001	GQ386790.1	91.489	47	4	0	7975	8021	8937	8983	5.24e-04	65.8
contig.00001	FJ469749.1	93.481	4863	310	6	1129	5986	992	5852	0.0	7217
contig.00001	FJ469749.1	85.449	1938	219	30	6121	8021	6362	8273	0.0	1958
contig.00001	FJ469749.1	93.765	850	50	1	283	1132	1	847	0.0	1273
contig.00001	FJ469749.1	100.000	36	0	0	1	36	8818	8853	1.46e-04	67.6
contig.00001	FJ469749.1	97.368	38	1	0	6068	6105	5886	5923	5.24e-04	65.8
contig.00001	MW754692.1	93.479	4861	311	6	1129	5986	583	5440	0.0	7215
contig.00001	MW754692.1	86.911	1910	200	26	6123	8021	5979	7849	0.0	2097
contig.00001	MW754692.1	94.723	379	20	0	754	1132	60	438	6.99e-162	590
contig.00001	MW754692.1	100.000	80	0	0	1	80	8395	8474	5.05e-29	148
contig.00001	MW754692.1	100.000	55	0	0	186	240	1	55	3.99e-15	102
contig.00001	MW754689.1	93.479	4861	311	6	1129	5986	583	5440	0.0	7215
contig.00001	MW754689.1	86.911	1910	200	26	6123	8021	5979	7849	0.0	2097
contig.00001	MW754689.1	94.723	379	20	0	754	1132	60	438	6.99e-162	590
contig.00001	MW754689.1	100.000	80	0	0	1	80	8395	8474	5.05e-29	148
contig.00001	MW754689.1	100.000	55	0	0	186	240	1	55	3.99e-15	102
contig.00001	MW754652.1	93.479	4861	311	6	1129	5986	583	5440	0.0	7215
contig.00001	MW754652.1	86.911	1910	200	26	6123	8021	5979	7849	0.0	2097
contig.00001	MW754652.1	94.723	379	20	0	754	1132	60	438	6.99e-162	590
contig.00001	MW754652.1	100.000	70	0	0	1	70	8395	8464	1.83e-23	130
contig.00001	MW754652.1	100.000	55	0	0	186	240	1	55	3.99e-15	102
contig.00001	MW754629.1	93.479	4861	311	6	1129	5986	583	5440	0.0	7215
contig.00001	MW754629.1	86.859	1910	201	26	6123	8021	5979	7849	0.0	2091
contig.00001	MW754629.1	94.723	379	20	0	754	1132	60	438	6.99e-162	590
contig.00001	MW754629.1	100.000	80	0	0	1	80	8395	8474	5.05e-29	148
contig.00001	MW754629.1	100.000	55	0	0	186	240	1	55	3.99e-15	102
contig.00001	M17449.1	92.790	5007	327	22	1129	6118	1768	6757	0.0	7215
contig.00001	M17449.1	87.226	1918	193	30	6122	8021	7166	9049	0.0	2137
contig.00001	M17449.1	93.679	1139	62	6	1	1132	488	1623	0.0	1696
contig.00001	M17449.1	96.575	146	5	0	1	146	9593	9738	2.25e-57	243
contig.00001	MN691959.1	93.470	4870	296	16	1129	5987	1612	6470	0.0	7214
contig.00001	MN691959.1	88.095	1890	190	23	6143	8021	7025	8890	0.0	2211
contig.00001	MN691959.1	94.690	1130	57	1	3	1132	341	1467	0.0	1759
contig.00001	MN691959.1	100.000	57	0	0	3	59	9437	9493	3.08e-16	106
contig.00001	MK041556.1	93.531	4854	302	9	1129	5979	1081	5925	0.0	7214
contig.00001	MK041556.1	87.624	1915	185	34	6121	8021	6435	8311	0.0	2180
contig.00001	MK041556.1	93.717	939	48	4	202	1132	1	936	0.0	1397
contig.00001	ON015185.1	93.461	4863	312	6	1129	5988	1019	5878	0.0	7214
contig.00001	ON015185.1	85.044	1939	226	28	6121	8021	6451	8363	0.0	1916
contig.00001	ON015185.1	94.165	874	42	3	268	1132	1	874	0.0	1323
contig.00001	MN043599.1	93.484	4865	299	7	1129	5992	1138	5985	0.0	7212
contig.00001	MN043599.1	86.561	1890	213	25	6143	8021	6514	8373	0.0	2045
contig.00001	MN043599.1	94.378	996	50	3	140	1132	1	993	0.0	1524
contig.00001	ON816043.1	92.733	5009	341	12	1129	6118	1008	6012	0.0	7212
contig.00001	ON816043.1	86.667	1935	193	34	6121	8021	6413	8316	0.0	2084
contig.00001	ON816043.1	92.780	831	48	2	314	1132	33	863	0.0	1192
contig.00001	ON816043.1	97.368	76	2	0	1	76	8862	8937	1.83e-23	130
contig.00001	AF256210.1	93.436	4875	300	15	1129	5987	1761	6631	0.0	7212
contig.00001	AF256210.1	87.464	1747	185	23	6144	7876	7195	8921	0.0	1982
contig.00001	AF256210.1	94.440	1133	58	3	1	1132	488	1616	0.0	1738
contig.00001	AF256210.1	91.489	47	4	0	7975	8021	8937	8983	5.24e-04	65.8
contig.00001	MT033866.1	93.431	4871	306	14	1129	5992	526	5389	0.0	7210
contig.00001	MT033866.1	86.866	1911	197	25	6121	8021	5925	7791	0.0	2089
contig.00001	MT033866.1	95.669	254	11	0	879	1132	128	381	2.10e-107	409
contig.00001	MT033866.1	90.551	127	12	0	492	618	1	127	3.88e-35	169
contig.00001	MT033866.1	100.000	52	0	0	1	52	8336	8387	1.86e-13	97.1
contig.00001	MT033855.1	93.431	4871	306	14	1129	5992	1015	5878	0.0	7210
contig.00001	MT033855.1	87.493	1911	201	24	6121	8021	6414	8296	0.0	2170
contig.00001	MT033855.1	93.222	841	54	1	292	1132	33	870	0.0	1234
contig.00001	MT033855.1	99.029	103	1	0	1	103	8841	8943	3.85e-40	185
contig.00001	MT033855.1	100.000	33	0	0	197	229	1	33	0.007	62.1
contig.00001	MT033853.1	93.431	4871	306	14	1129	5992	1048	5911	0.0	7210
contig.00001	MT033853.1	87.493	1911	201	24	6121	8021	6447	8329	0.0	2170
contig.00001	MT033853.1	93.600	875	53	1	258	1132	32	903	0.0	1303
contig.00001	MT033853.1	100.000	61	0	0	1	61	8874	8934	1.84e-18	113
contig.00001	OP701101.1	93.428	4869	311	9	1129	5991	711	5576	0.0	7210
contig.00001	OP701101.1	86.808	1933	194	36	6121	8021	6119	8022	0.0	2100
contig.00001	OP701101.1	95.174	518	25	0	615	1132	49	566	0.0	819
contig.00001	OP701101.1	98.810	84	1	0	1	84	8567	8650	1.41e-29	150
contig.00001	OK532455.1	93.477	4860	307	10	1127	5981	947	5801	0.0	7210
contig.00001	OK532455.1	86.572	1899	199	31	6143	8021	6359	8221	0.0	2043
contig.00001	OK532455.1	92.565	807	54	3	329	1132	1	804	0.0	1153
contig.00001	AY713411.1	93.318	4879	314	10	1129	6004	973	5842	0.0	7210
contig.00001	AY713411.1	87.109	1916	191	30	6121	8021	6318	8192	0.0	2122
contig.00001	AY713411.1	92.633	828	58	1	308	1132	1	828	0.0	1194
contig.00001	PV115368.1	93.348	4886	310	13	1129	6005	854	5733	0.0	7208
contig.00001	PV115368.1	85.901	1908	204	39	6143	8021	6264	8135	0.0	1973
contig.00001	PV115368.1	93.073	563	27	5	582	1132	147	709	0.0	813
contig.00001	PV115368.1	89.809	157	4	2	205	361	1	145	8.28e-42	191
contig.00001	OR877375.1	93.442	4864	311	8	1129	5988	922	5781	0.0	7208
contig.00001	OR877375.1	93.557	776	41	3	366	1132	2	777	0.0	1147
contig.00001	OR877375.1	97.872	47	1	0	1	47	6248	6294	5.20e-09	82.4
contig.00001	KT259319.1	93.395	4875	302	15	1129	5987	1761	6631	0.0	7208
contig.00001	KT259319.1	85.927	1748	210	25	6144	7876	7180	8906	0.0	1877
contig.00001	KT259319.1	94.175	1133	61	3	1	1132	488	1616	0.0	1722
contig.00001	KT259319.1	89.362	47	5	0	7975	8021	8922	8968	0.007	62.1
contig.00001	ON015199.1	93.442	4864	311	8	1129	5988	915	5774	0.0	7208
contig.00001	ON015199.1	84.915	1949	220	36	6121	8021	6353	8275	0.0	1903
contig.00001	ON015199.1	93.506	770	41	3	372	1132	1	770	0.0	1136
contig.00001	ON015183.1	93.442	4864	311	8	1129	5988	1000	5859	0.0	7208
contig.00001	ON015183.1	85.337	1930	225	36	6121	8021	6438	8338	0.0	1943
contig.00001	ON015183.1	93.099	855	50	3	287	1132	1	855	0.0	1243
contig.00001	ON015203.1	93.442	4864	310	9	1129	5988	907	5765	0.0	7206
contig.00001	ON015203.1	85.267	1948	208	38	6121	8021	6374	8289	0.0	1934
contig.00001	ON015203.1	93.176	762	43	3	380	1132	1	762	0.0	1110
contig.00001	ON816146.1	92.713	5009	342	12	1129	6118	1008	6012	0.0	7206
contig.00001	ON816146.1	86.667	1935	193	34	6121	8021	6413	8316	0.0	2084
contig.00001	ON816146.1	92.780	831	48	2	314	1132	33	863	0.0	1192
contig.00001	ON816146.1	97.368	76	2	0	1	76	8862	8937	1.83e-23	130
contig.00001	MW753604.1	93.440	4863	311	8	1129	5987	1039	5897	0.0	7206
contig.00001	MW753604.1	87.201	1922	210	25	6121	8021	6447	8353	0.0	2154
contig.00001	MW753604.1	93.044	877	55	4	262	1132	18	894	0.0	1277
contig.00001	MW753604.1	100.000	79	0	0	1	79	8899	8977	1.82e-28	147
contig.00001	PX948650.1	93.440	4863	312	7	1129	5989	1200	6057	0.0	7206
contig.00001	PX948650.1	86.553	1874	194	33	6171	8021	6667	8505	0.0	2012
contig.00001	PX948650.1	94.140	1058	57	2	77	1132	1	1055	0.0	1605
contig.00001	PX948650.1	97.222	36	1	0	6068	6103	6124	6159	0.007	62.1
contig.00001	GQ386788.1	93.415	4875	301	15	1129	5987	1761	6631	0.0	7206
contig.00001	GQ386788.1	87.521	1747	184	23	6144	7876	7195	8921	0.0	1988
contig.00001	GQ386788.1	94.263	1133	60	3	1	1132	488	1616	0.0	1727
contig.00001	GQ386788.1	91.489	47	4	0	7975	8021	8937	8983	5.24e-04	65.8
contig.00001	AY779551.1	93.414	4874	303	12	1129	5987	1042	5912	0.0	7206
contig.00001	AY779551.1	86.132	1745	206	25	6143	7866	6464	8193	0.0	1849
contig.00001	AY779551.1	93.667	900	54	2	233	1132	1	897	0.0	1343
contig.00001	AY779551.1	87.692	195	16	4	7828	8021	8190	8377	1.06e-50	220
contig.00001	AY779551.1	97.368	38	1	0	6068	6105	5984	6021	5.24e-04	65.8
contig.00001	AF256208.1	93.415	4875	301	15	1129	5987	1762	6632	0.0	7206
contig.00001	AF256208.1	87.308	1891	193	29	6144	8021	7196	9052	0.0	2119
contig.00001	AF256208.1	94.528	1133	57	3	1	1132	489	1617	0.0	1744
contig.00001	MN887619.1	92.752	5008	328	24	1129	6118	1031	6021	0.0	7204
contig.00001	MN887619.1	86.601	1918	208	28	6122	8021	6430	8316	0.0	2073
contig.00001	MN887619.1	92.889	886	57	4	253	1132	1	886	0.0	1282
contig.00001	OR876736.1	93.436	4860	315	4	1129	5986	1108	5965	0.0	7204
contig.00001	OR876736.1	85.550	1910	192	44	6143	8021	6512	8368	0.0	1921
contig.00001	OR876736.1	93.458	963	54	5	179	1132	1	963	0.0	1421
contig.00001	OR876736.1	98.684	76	1	0	1	76	8913	8988	3.93e-25	135
contig.00001	OR876736.1	87.097	62	5	2	6047	6105	5996	6057	1.46e-04	67.6
contig.00001	OR876722.1	93.436	4860	315	4	1129	5986	1108	5965	0.0	7204
contig.00001	OR876722.1	85.654	1910	190	44	6143	8021	6512	8368	0.0	1932
contig.00001	OR876722.1	93.666	963	52	5	179	1132	1	963	0.0	1432
contig.00001	OR876722.1	98.684	76	1	0	1	76	8913	8988	3.93e-25	135
contig.00001	OR876722.1	87.097	62	5	2	6047	6105	5996	6057	1.46e-04	67.6
contig.00001	KJ704787.1	92.553	4861	355	6	1129	5987	1145	6000	0.0	7204
contig.00001	KJ704787.1	85.231	1774	221	26	6121	7875	6526	8277	0.0	1903
contig.00001	KJ704787.1	94.217	1003	55	1	130	1132	1	1000	0.0	1555
contig.00001	KJ704787.1	87.500	184	16	3	7839	8021	8279	8456	6.35e-48	211
contig.00001	OK533027.1	93.436	4860	315	4	1129	5986	1106	5963	0.0	7204
contig.00001	OK533027.1	85.497	1910	193	44	6143	8021	6510	8366	0.0	1916
contig.00001	OK533027.1	93.548	961	53	5	181	1132	1	961	0.0	1423
contig.00001	OK533027.1	98.701	77	1	0	1	77	8911	8987	1.09e-25	137
contig.00001	OK533027.1	87.097	62	5	2	6047	6105	5994	6055	1.46e-04	67.6
contig.00001	OK533012.1	93.436	4860	315	4	1129	5986	1106	5963	0.0	7204
contig.00001	OK533012.1	85.602	1910	191	44	6143	8021	6510	8366	0.0	1927
contig.00001	OK533012.1	93.548	961	53	5	181	1132	1	961	0.0	1423
contig.00001	OK533012.1	98.701	77	1	0	1	77	8911	8987	1.09e-25	137
contig.00001	OK533012.1	87.097	62	5	2	6047	6105	5994	6055	1.46e-04	67.6
contig.00001	OK532623.1	93.436	4860	315	4	1129	5986	957	5814	0.0	7204
contig.00001	OK532623.1	85.602	1910	191	44	6143	8021	6361	8217	0.0	1927
contig.00001	OK532623.1	93.112	813	46	6	329	1132	1	812	0.0	1182
contig.00001	OK532623.1	87.097	62	5	2	6047	6105	5845	5906	1.46e-04	67.6
contig.00001	MZ922663.1	93.422	4865	312	8	1129	5989	497	5357	0.0	7204
contig.00001	MZ922663.1	87.006	1924	198	35	6121	8021	5902	7796	0.0	2121
contig.00001	MZ922663.1	95.575	339	15	0	794	1132	14	352	5.52e-148	544
contig.00001	MZ922663.1	98.718	78	1	0	1	78	8346	8423	3.04e-26	139
contig.00001	ON015173.1	93.420	4863	314	6	1129	5988	826	5685	0.0	7203
contig.00001	ON015173.1	84.912	1942	232	35	6121	8021	6264	8185	0.0	1908
contig.00001	ON015173.1	93.676	680	34	3	462	1132	2	681	0.0	1009
contig.00001	ON816564.1	93.436	4860	313	6	1129	5985	1098	5954	0.0	7203
contig.00001	ON816564.1	86.513	1913	210	29	6121	8021	6488	8364	0.0	2060
contig.00001	ON816564.1	93.515	956	51	5	185	1132	1	953	0.0	1411
contig.00001	ON816564.1	96.053	76	2	1	1	76	8909	8983	3.06e-21	122
contig.00001	ON816534.1	93.436	4860	313	6	1129	5985	1098	5954	0.0	7203
contig.00001	ON816534.1	86.513	1913	210	29	6121	8021	6488	8364	0.0	2060
contig.00001	ON816534.1	93.515	956	51	5	185	1132	1	953	0.0	1411
contig.00001	ON816534.1	96.053	76	2	1	1	76	8909	8983	3.06e-21	122
contig.00001	AY835780.1	93.428	4869	303	12	1129	5987	1762	6623	0.0	7203
contig.00001	AY835780.1	87.872	1913	182	24	6122	8021	7099	8974	0.0	2202
contig.00001	AY835780.1	95.495	1132	48	1	1	1132	489	1617	0.0	1805
contig.00001	AY835780.1	99.315	146	1	0	1	146	9519	9664	4.81e-64	265
contig.00001	U43141.1	93.442	4864	306	11	1129	5987	1231	6086	0.0	7203
contig.00001	U43141.1	85.870	1925	209	32	6121	8021	6606	8491	0.0	1989
contig.00001	U43141.1	94.404	1090	57	3	43	1132	1	1086	0.0	1672
contig.00001	U43141.1	97.917	48	1	0	1	48	9029	9076	1.45e-09	84.2
contig.00001	MN237645.1	93.469	4854	310	6	1129	5979	1116	5965	0.0	7201
contig.00001	MN237645.1	87.388	1895	191	29	6151	8021	6553	8423	0.0	2132
contig.00001	MN237645.1	93.634	974	58	3	160	1132	1	971	0.0	1452
contig.00001	MN685348.1	93.362	4881	304	15	1129	5999	1309	6179	0.0	7201
contig.00001	MN685348.1	87.775	1906	199	21	6127	8021	6684	8566	0.0	2198
contig.00001	MN685348.1	94.351	1133	59	3	1	1132	36	1164	0.0	1733
contig.00001	MN685348.1	100.000	63	0	0	1	63	9111	9173	1.43e-19	117
contig.00001	MG837265.1	93.361	4880	306	13	1129	5999	1125	5995	0.0	7201
contig.00001	MG837265.1	88.044	1907	192	23	6127	8021	6500	8382	0.0	2226
contig.00001	MG837265.1	94.201	983	54	1	150	1132	1	980	0.0	1496
contig.00001	MG837265.1	100.000	40	0	0	1	40	8928	8967	8.70e-07	75.0
contig.00001	GQ386793.1	93.395	4875	302	10	1129	5987	1762	6632	0.0	7201
contig.00001	GQ386793.1	87.678	1891	186	29	6144	8021	7178	9034	0.0	2158
contig.00001	GQ386793.1	93.910	1133	64	3	1	1132	489	1617	0.0	1705
contig.00001	GQ386792.1	93.395	4875	302	10	1129	5987	1762	6632	0.0	7201
contig.00001	GQ386792.1	87.784	1891	184	29	6144	8021	7178	9034	0.0	2169
contig.00001	GQ386792.1	93.998	1133	63	3	1	1132	489	1617	0.0	1711
contig.00001	GQ386786.1	93.395	4875	302	15	1129	5987	1762	6632	0.0	7201
contig.00001	GQ386786.1	87.308	1891	193	29	6144	8021	7196	9052	0.0	2119
contig.00001	GQ386786.1	94.440	1133	58	3	1	1132	489	1617	0.0	1738
contig.00001	GQ386784.1	93.395	4875	302	15	1129	5987	1762	6632	0.0	7201
contig.00001	GQ386784.1	87.308	1891	193	29	6144	8021	7196	9052	0.0	2119
contig.00001	GQ386784.1	94.440	1133	58	3	1	1132	489	1617	0.0	1738
contig.00001	OR876706.1	93.416	4860	316	4	1129	5986	958	5815	0.0	7199
contig.00001	OR876706.1	85.662	1911	188	46	6143	8021	6362	8218	0.0	1932
contig.00001	OR876706.1	93.235	813	46	5	329	1132	1	813	0.0	1188
contig.00001	OR876706.1	87.097	62	5	2	6047	6105	5846	5907	1.46e-04	67.6
contig.00001	OR876698.1	93.416	4860	316	4	1129	5986	958	5815	0.0	7199
contig.00001	OR876698.1	85.662	1911	188	46	6143	8021	6362	8218	0.0	1932
contig.00001	OR876698.1	93.235	813	46	5	329	1132	1	813	0.0	1188
contig.00001	OR876698.1	87.097	62	5	2	6047	6105	5846	5907	1.46e-04	67.6
contig.00001	OR876683.1	93.416	4860	316	4	1129	5986	958	5815	0.0	7199
contig.00001	OR876683.1	85.654	1910	190	44	6143	8021	6362	8218	0.0	1932
contig.00001	OR876683.1	93.235	813	46	5	329	1132	1	813	0.0	1188
contig.00001	OR876683.1	87.097	62	5	2	6047	6105	5846	5907	1.46e-04	67.6
contig.00001	OR876661.1	93.416	4860	316	4	1129	5986	958	5815	0.0	7199
contig.00001	OR876661.1	85.654	1910	190	44	6143	8021	6362	8218	0.0	1932
contig.00001	OR876661.1	93.235	813	46	5	329	1132	1	813	0.0	1188
contig.00001	OR876661.1	87.097	62	5	2	6047	6105	5846	5907	1.46e-04	67.6
contig.00001	OR876658.1	93.416	4860	316	4	1129	5986	958	5815	0.0	7199
contig.00001	OR876658.1	85.654	1910	190	44	6143	8021	6362	8218	0.0	1932
contig.00001	OR876658.1	93.235	813	46	5	329	1132	1	813	0.0	1188
contig.00001	OR876658.1	87.097	62	5	2	6047	6105	5846	5907	1.46e-04	67.6
contig.00001	OR876730.1	93.416	4860	316	4	1129	5986	1108	5965	0.0	7199
contig.00001	OR876730.1	85.654	1910	190	44	6143	8021	6512	8368	0.0	1932
contig.00001	OR876730.1	93.562	963	53	5	179	1132	1	963	0.0	1426
contig.00001	OR876730.1	98.684	76	1	0	1	76	8913	8988	3.93e-25	135
contig.00001	OR876730.1	87.097	62	5	2	6047	6105	5996	6057	1.46e-04	67.6
contig.00001	OR876729.1	93.416	4860	316	4	1129	5986	1108	5965	0.0	7199
contig.00001	OR876729.1	85.707	1910	189	44	6143	8021	6512	8368	0.0	1938
contig.00001	OR876729.1	93.562	963	53	5	179	1132	1	963	0.0	1426
contig.00001	OR876729.1	98.684	76	1	0	1	76	8913	8988	3.93e-25	135
contig.00001	OR876729.1	87.097	62	5	2	6047	6105	5996	6057	1.46e-04	67.6
contig.00001	OR876728.1	93.416	4860	316	4	1129	5986	1108	5965	0.0	7199
contig.00001	OR876728.1	85.654	1910	190	44	6143	8021	6512	8368	0.0	1932
contig.00001	OR876728.1	93.562	963	53	5	179	1132	1	963	0.0	1426
contig.00001	OR876728.1	98.684	76	1	0	1	76	8913	8988	3.93e-25	135
contig.00001	OR876728.1	87.097	62	5	2	6047	6105	5996	6057	1.46e-04	67.6
contig.00001	OR876726.1	93.416	4860	316	4	1129	5986	1108	5965	0.0	7199
contig.00001	OR876726.1	85.654	1910	190	44	6143	8021	6512	8368	0.0	1932
contig.00001	OR876726.1	93.562	963	53	5	179	1132	1	963	0.0	1426
contig.00001	OR876726.1	98.684	76	1	0	1	76	8913	8988	3.93e-25	135
contig.00001	OR876726.1	87.097	62	5	2	6047	6105	5996	6057	1.46e-04	67.6
contig.00001	OR876725.1	93.416	4860	316	4	1129	5986	1108	5965	0.0	7199
contig.00001	OR876725.1	85.707	1910	189	44	6143	8021	6512	8368	0.0	1938
contig.00001	OR876725.1	93.562	963	53	5	179	1132	1	963	0.0	1426
contig.00001	OR876725.1	98.684	76	1	0	1	76	8913	8988	3.93e-25	135
contig.00001	OR876725.1	87.097	62	5	2	6047	6105	5996	6057	1.46e-04	67.6
contig.00001	OR876720.1	93.416	4860	316	4	1129	5986	1108	5965	0.0	7199
contig.00001	OR876720.1	85.654	1910	190	44	6143	8021	6512	8368	0.0	1932
contig.00001	OR876720.1	93.562	963	53	5	179	1132	1	963	0.0	1426
contig.00001	OR876720.1	98.684	76	1	0	1	76	8913	8988	3.93e-25	135
contig.00001	OR876720.1	87.097	62	5	2	6047	6105	5996	6057	1.46e-04	67.6
contig.00001	PP313284.1	93.416	4860	316	4	1129	5986	1108	5965	0.0	7199
contig.00001	PP313284.1	85.707	1910	189	44	6143	8021	6512	8368	0.0	1938
contig.00001	PP313284.1	93.562	963	53	5	179	1132	1	963	0.0	1426
contig.00001	PP313284.1	98.684	76	1	0	1	76	8913	8988	3.93e-25	135
contig.00001	PP313284.1	87.097	62	5	2	6047	6105	5996	6057	1.46e-04	67.6
contig.00001	PP313274.1	93.416	4860	316	4	1129	5986	1108	5965	0.0	7199
contig.00001	PP313274.1	85.759	1910	188	47	6143	8021	6512	8368	0.0	1943
contig.00001	PP313274.1	93.562	963	53	5	179	1132	1	963	0.0	1426
contig.00001	PP313274.1	98.684	76	1	0	1	76	8913	8988	3.93e-25	135
contig.00001	PP313274.1	87.097	62	5	2	6047	6105	5996	6057	1.46e-04	67.6
contig.00001	PP313259.1	93.416	4860	316	4	1129	5986	1053	5910	0.0	7199
contig.00001	PP313259.1	85.707	1910	189	44	6143	8021	6457	8313	0.0	1938
contig.00001	PP313259.1	93.433	868	48	5	274	1132	41	908	0.0	1279
contig.00001	PP313259.1	98.684	76	1	0	1	76	8858	8933	3.93e-25	135
contig.00001	PP313259.1	87.097	62	5	2	6047	6105	5941	6002	1.46e-04	67.6
contig.00001	OK533028.1	93.416	4860	316	4	1129	5986	1106	5963	0.0	7199
contig.00001	OK533028.1	85.654	1910	190	44	6143	8021	6510	8366	0.0	1932
contig.00001	OK533028.1	93.548	961	53	5	181	1132	1	961	0.0	1423
contig.00001	OK533028.1	97.403	77	2	0	1	77	8911	8987	5.09e-24	132
contig.00001	OK533028.1	87.097	62	5	2	6047	6105	5994	6055	1.46e-04	67.6
contig.00001	OK533024.1	93.416	4860	316	4	1129	5986	1106	5963	0.0	7199
contig.00001	OK533024.1	85.602	1910	191	44	6143	8021	6510	8366	0.0	1927
contig.00001	OK533024.1	93.548	961	53	5	181	1132	1	961	0.0	1423
contig.00001	OK533024.1	98.701	77	1	0	1	77	8911	8987	1.09e-25	137
contig.00001	OK533024.1	87.097	62	5	2	6047	6105	5994	6055	1.46e-04	67.6
contig.00001	OK533023.1	93.416	4860	316	4	1129	5986	1106	5963	0.0	7199
contig.00001	OK533023.1	85.654	1910	190	44	6143	8021	6510	8366	0.0	1932
contig.00001	OK533023.1	93.548	961	53	5	181	1132	1	961	0.0	1423
contig.00001	OK533023.1	98.701	77	1	0	1	77	8911	8987	1.09e-25	137
contig.00001	OK533023.1	87.097	62	5	2	6047	6105	5994	6055	1.46e-04	67.6
contig.00001	OK533015.1	93.416	4860	316	4	1129	5986	1106	5963	0.0	7199
contig.00001	OK533015.1	85.654	1910	190	44	6143	8021	6510	8366	0.0	1932
contig.00001	OK533015.1	93.548	961	53	5	181	1132	1	961	0.0	1423
contig.00001	OK533015.1	98.701	77	1	0	1	77	8911	8987	1.09e-25	137
contig.00001	OK533015.1	87.097	62	5	2	6047	6105	5994	6055	1.46e-04	67.6
contig.00001	OK533008.1	93.416	4860	316	4	1129	5986	1106	5963	0.0	7199
contig.00001	OK533008.1	85.654	1910	190	44	6143	8021	6510	8366	0.0	1932
contig.00001	OK533008.1	93.548	961	53	5	181	1132	1	961	0.0	1423
contig.00001	OK533008.1	98.701	77	1	0	1	77	8911	8987	1.09e-25	137
contig.00001	OK533008.1	87.097	62	5	2	6047	6105	5994	6055	1.46e-04	67.6
contig.00001	OK532652.1	93.416	4860	316	4	1129	5986	958	5815	0.0	7199
contig.00001	OK532652.1	85.654	1910	190	44	6143	8021	6362	8218	0.0	1932
contig.00001	OK532652.1	93.235	813	46	5	329	1132	1	813	0.0	1188
contig.00001	OK532652.1	87.097	62	5	2	6047	6105	5846	5907	1.46e-04	67.6
contig.00001	OK532640.1	93.416	4860	316	4	1129	5986	958	5815	0.0	7199
contig.00001	OK532640.1	85.759	1910	188	44	6143	8021	6362	8218	0.0	1943
contig.00001	OK532640.1	93.235	813	46	5	329	1132	1	813	0.0	1188
contig.00001	OK532640.1	87.097	62	5	2	6047	6105	5846	5907	1.46e-04	67.6
contig.00001	OK532636.1	93.416	4860	316	4	1129	5986	958	5815	0.0	7199
contig.00001	OK532636.1	85.602	1910	191	44	6143	8021	6362	8218	0.0	1927
contig.00001	OK532636.1	93.235	813	46	5	329	1132	1	813	0.0	1188
contig.00001	OK532636.1	87.097	62	5	2	6047	6105	5846	5907	1.46e-04	67.6
contig.00001	OK532632.1	93.416	4860	316	4	1129	5986	958	5815	0.0	7199
contig.00001	OK532632.1	85.714	1911	187	46	6143	8021	6362	8218	0.0	1938
contig.00001	OK532632.1	93.235	813	46	5	329	1132	1	813	0.0	1188
contig.00001	OK532632.1	87.097	62	5	2	6047	6105	5846	5907	1.46e-04	67.6
contig.00001	OK532621.1	93.416	4860	316	4	1129	5986	958	5815	0.0	7199
contig.00001	OK532621.1	85.654	1910	190	44	6143	8021	6362	8218	0.0	1932
contig.00001	OK532621.1	93.235	813	46	5	329	1132	1	813	0.0	1188
contig.00001	OK532621.1	87.097	62	5	2	6047	6105	5846	5907	1.46e-04	67.6
contig.00001	OK532615.1	93.416	4860	316	4	1129	5986	958	5815	0.0	7199
contig.00001	OK532615.1	85.654	1910	190	44	6143	8021	6362	8218	0.0	1932
contig.00001	OK532615.1	93.235	813	46	5	329	1132	1	813	0.0	1188
contig.00001	OK532615.1	87.097	62	5	2	6047	6105	5846	5907	1.46e-04	67.6
contig.00001	OK532503.1	93.438	4861	307	12	1127	5981	947	5801	0.0	7199
contig.00001	OK532503.1	88.442	1566	141	19	6473	8021	6654	8196	0.0	1853
contig.00001	OK532503.1	91.698	807	61	2	329	1132	1	804	0.0	1114
contig.00001	OK532497.1	93.439	4862	305	14	1127	5981	947	5801	0.0	7199
contig.00001	OK532497.1	86.660	1904	194	33	6143	8021	6347	8215	0.0	2054
contig.00001	OK532497.1	92.317	807	56	3	329	1132	1	804	0.0	1142
contig.00001	JQ316131.1	93.453	4857	309	8	1129	5979	1445	6298	0.0	7199
contig.00001	JQ316131.1	84.943	1946	215	42	6121	8021	6823	8735	0.0	1899
contig.00001	JQ316131.1	94.797	1134	54	3	1	1132	170	1300	0.0	1762
contig.00001	AY713412.1	93.302	4882	311	14	1129	6005	967	5837	0.0	7199
contig.00001	AY713412.1	86.802	1917	206	29	6121	8021	6333	8218	0.0	2098
contig.00001	AY713412.1	93.212	825	53	1	308	1132	1	822	0.0	1216
contig.00001	OP183489.1	93.400	4864	313	8	1129	5988	1073	5932	0.0	7197
contig.00001	OP183489.1	84.961	1935	241	24	6121	8021	6511	8429	0.0	1916
contig.00001	OP183489.1	93.750	928	49	3	214	1132	1	928	0.0	1384
contig.00001	ON015128.1	93.402	4865	311	10	1127	5986	908	5767	0.0	7197
contig.00001	ON015128.1	86.986	1898	187	28	6121	8003	6264	8116	0.0	2082
contig.00001	ON015128.1	93.620	768	43	2	368	1132	1	765	0.0	1142
contig.00001	ON015128.1	90.196	51	5	0	6068	6118	5807	5857	1.46e-04	67.6
contig.00001	ON015119.1	93.400	4864	313	8	1127	5986	905	5764	0.0	7197
contig.00001	ON015119.1	87.083	1920	201	27	6121	8021	6267	8158	0.0	2128
contig.00001	ON015119.1	93.725	765	41	3	371	1132	2	762	0.0	1140
contig.00001	OK533011.1	93.414	4859	316	4	1129	5985	1106	5962	0.0	7197
contig.00001	OK533011.1	85.707	1910	189	44	6143	8021	6510	8366	0.0	1938
contig.00001	OK533011.1	93.548	961	53	5	181	1132	1	961	0.0	1423
contig.00001	OK533011.1	98.701	77	1	0	1	77	8911	8987	1.09e-25	137
contig.00001	OK533011.1	87.097	62	5	2	6047	6105	5994	6055	1.46e-04	67.6
contig.00001	DQ854716.1	93.403	4866	310	9	1129	5987	1764	6625	0.0	7197
contig.00001	DQ854716.1	87.949	1892	185	27	6144	8021	7189	9051	0.0	2191
contig.00001	DQ854716.1	93.833	1135	63	5	1	1132	489	1619	0.0	1701
contig.00001	DQ854716.1	95.270	148	5	2	1	146	9596	9743	1.36e-54	233
contig.00001	AF070521.1	93.380	4879	297	15	1129	5999	1762	6622	0.0	7197
contig.00001	AF070521.1	86.831	1906	217	19	6127	8021	7127	9009	0.0	2098
contig.00001	AF070521.1	95.053	1132	53	1	1	1132	489	1617	0.0	1777
contig.00001	AF070521.1	97.260	146	4	0	1	146	9554	9699	4.84e-59	248
contig.00001	JQ316135.1	93.482	4848	309	5	1129	5971	1716	6561	0.0	7195
contig.00001	JQ316135.1	84.683	1926	239	32	6121	8021	7136	9030	0.0	1871
contig.00001	JQ316135.1	95.062	1134	51	3	1	1132	441	1571	0.0	1779
contig.00001	DQ127539.1	93.383	4866	315	7	1129	5990	973	5835	0.0	7195
contig.00001	DQ127539.1	87.045	1922	189	35	6121	8021	6342	8224	0.0	2115
contig.00001	DQ127539.1	93.742	831	49	2	302	1132	1	828	0.0	1243
contig.00001	OR876704.1	93.395	4860	317	4	1129	5986	958	5815	0.0	7193
contig.00001	OR876704.1	85.662	1911	188	46	6143	8021	6334	8190	0.0	1932
contig.00001	OR876704.1	93.235	813	46	5	329	1132	1	813	0.0	1188
contig.00001	OR876704.1	87.097	62	5	2	6047	6105	5846	5907	1.46e-04	67.6
contig.00001	OR876684.1	93.396	4861	316	5	1129	5986	958	5816	0.0	7193
contig.00001	OR876684.1	85.602	1910	191	44	6143	8021	6363	8219	0.0	1927
contig.00001	OR876684.1	93.235	813	46	5	329	1132	1	813	0.0	1188
contig.00001	OR876684.1	87.097	62	5	2	6047	6105	5847	5908	1.46e-04	67.6
contig.00001	OR876676.1	93.395	4860	317	4	1129	5986	958	5815	0.0	7193
contig.00001	OR876676.1	87.730	1524	145	27	6528	8021	5972	7483	0.0	1740
contig.00001	OR876676.1	93.235	813	46	5	329	1132	1	813	0.0	1188
contig.00001	OR876676.1	87.097	62	5	2	6047	6105	5846	5907	1.46e-04	67.6
contig.00001	OR876670.1	93.395	4860	317	4	1129	5986	958	5815	0.0	7193
contig.00001	OR876670.1	85.602	1910	191	44	6143	8021	6363	8219	0.0	1927
contig.00001	OR876670.1	93.235	813	46	5	329	1132	1	813	0.0	1188
contig.00001	OR876710.1	93.395	4860	317	4	1129	5986	958	5815	0.0	7193
contig.00001	OR876710.1	85.759	1910	188	44	6143	8021	6365	8221	0.0	1943
contig.00001	OR876710.1	93.235	813	46	5	329	1132	1	813	0.0	1188
contig.00001	OR876710.1	87.097	62	5	2	6047	6105	5846	5907	1.46e-04	67.6
contig.00001	OR876708.1	93.395	4860	317	4	1129	5986	958	5815	0.0	7193
contig.00001	OR876708.1	85.602	1910	191	44	6143	8021	6362	8218	0.0	1927
contig.00001	OR876708.1	93.235	813	46	5	329	1132	1	813	0.0	1188
contig.00001	OR876708.1	87.097	62	5	2	6047	6105	5846	5907	1.46e-04	67.6
contig.00001	OR876703.1	93.395	4860	317	4	1129	5986	958	5815	0.0	7193
contig.00001	OR876703.1	85.654	1910	190	44	6143	8021	6362	8218	0.0	1932
contig.00001	OR876703.1	93.235	813	46	5	329	1132	1	813	0.0	1188
contig.00001	OR876703.1	87.097	62	5	2	6047	6105	5846	5907	1.46e-04	67.6
contig.00001	OR876696.1	93.395	4860	317	4	1129	5986	958	5815	0.0	7193
contig.00001	OR876696.1	88.433	1608	144	27	6444	8021	6623	8218	0.0	1901
contig.00001	OR876696.1	93.235	813	46	5	329	1132	1	813	0.0	1188
contig.00001	OR876696.1	80.162	247	42	4	6143	6389	6362	6601	6.45e-38	178
contig.00001	OR876696.1	87.097	62	5	2	6047	6105	5846	5907	1.46e-04	67.6
contig.00001	OR876695.1	93.395	4860	317	4	1129	5986	958	5815	0.0	7193
contig.00001	OR876695.1	85.707	1910	189	44	6143	8021	6362	8218	0.0	1938
contig.00001	OR876695.1	93.235	813	46	5	329	1132	1	813	0.0	1188
contig.00001	OR876695.1	87.097	62	5	2	6047	6105	5846	5907	1.46e-04	67.6
contig.00001	OR876682.1	93.395	4860	317	4	1129	5986	958	5815	0.0	7193
contig.00001	OR876682.1	85.654	1910	190	44	6143	8021	6362	8218	0.0	1932
contig.00001	OR876682.1	93.235	813	46	5	329	1132	1	813	0.0	1188
contig.00001	OR876682.1	87.097	62	5	2	6047	6105	5846	5907	1.46e-04	67.6
contig.00001	OR876677.1	93.395	4860	317	4	1129	5986	958	5815	0.0	7193
contig.00001	OR876677.1	85.602	1910	191	44	6143	8021	6362	8218	0.0	1927
contig.00001	OR876677.1	93.235	813	46	5	329	1132	1	813	0.0	1188
contig.00001	OR876677.1	87.097	62	5	2	6047	6105	5846	5907	1.46e-04	67.6
contig.00001	OR876673.1	93.395	4860	317	4	1129	5986	958	5815	0.0	7193
contig.00001	OR876673.1	85.610	1911	189	46	6143	8021	6362	8218	0.0	1927
contig.00001	OR876673.1	93.112	813	47	5	329	1132	1	813	0.0	1182
contig.00001	OR876673.1	87.097	62	5	2	6047	6105	5846	5907	1.46e-04	67.6
contig.00001	OR876671.1	93.395	4860	317	4	1129	5986	958	5815	0.0	7193
contig.00001	OR876671.1	85.654	1910	190	44	6143	8021	6362	8218	0.0	1932
contig.00001	OR876671.1	93.112	813	47	5	329	1132	1	813	0.0	1182
contig.00001	OR876671.1	87.097	62	5	2	6047	6105	5846	5907	1.46e-04	67.6
contig.00001	OR876665.1	93.395	4860	317	4	1129	5986	958	5815	0.0	7193
contig.00001	OR876665.1	85.602	1910	191	44	6143	8021	6362	8218	0.0	1927
contig.00001	OR876665.1	93.235	813	46	5	329	1132	1	813	0.0	1188
contig.00001	OR876665.1	87.097	62	5	2	6047	6105	5846	5907	1.46e-04	67.6
contig.00001	OR876663.1	93.395	4860	317	4	1129	5986	958	5815	0.0	7193
contig.00001	OR876663.1	85.602	1910	191	44	6143	8021	6362	8218	0.0	1927
contig.00001	OR876663.1	93.235	813	46	5	329	1132	1	813	0.0	1188
contig.00001	OR876663.1	87.097	62	5	2	6047	6105	5846	5907	1.46e-04	67.6
contig.00001	OR876662.1	93.395	4860	317	4	1129	5986	958	5815	0.0	7193
contig.00001	OR876662.1	85.654	1910	190	44	6143	8021	6362	8218	0.0	1932
contig.00001	OR876662.1	93.235	813	46	5	329	1132	1	813	0.0	1188
contig.00001	OR876662.1	87.097	62	5	2	6047	6105	5846	5907	1.46e-04	67.6
contig.00001	OR876739.1	93.395	4860	317	4	1129	5986	1108	5965	0.0	7193
contig.00001	OR876739.1	85.654	1910	190	44	6143	8021	6512	8368	0.0	1932
contig.00001	OR876739.1	93.562	963	53	5	179	1132	1	963	0.0	1426
contig.00001	OR876739.1	98.684	76	1	0	1	76	8913	8988	3.93e-25	135
contig.00001	OR876739.1	87.097	62	5	2	6047	6105	5996	6057	1.46e-04	67.6
contig.00001	OR876738.1	93.395	4860	317	4	1129	5986	1108	5965	0.0	7193
contig.00001	OR876738.1	85.707	1910	189	44	6143	8021	6512	8368	0.0	1938
contig.00001	OR876738.1	93.562	963	53	5	179	1132	1	963	0.0	1426
contig.00001	OR876738.1	98.684	76	1	0	1	76	8913	8988	3.93e-25	135
contig.00001	OR876738.1	87.097	62	5	2	6047	6105	5996	6057	1.46e-04	67.6
contig.00001	OR876737.1	93.395	4860	317	4	1129	5986	1108	5965	0.0	7193
contig.00001	OR876737.1	85.707	1910	189	44	6143	8021	6512	8368	0.0	1938
contig.00001	OR876737.1	93.562	963	53	5	179	1132	1	963	0.0	1426
contig.00001	OR876737.1	98.684	76	1	0	1	76	8913	8988	3.93e-25	135
contig.00001	OR876737.1	87.097	62	5	2	6047	6105	5996	6057	1.46e-04	67.6
contig.00001	OR876733.1	93.395	4860	317	4	1129	5986	1108	5965	0.0	7193
contig.00001	OR876733.1	85.707	1910	189	44	6143	8021	6512	8368	0.0	1938
contig.00001	OR876733.1	93.562	963	53	5	179	1132	1	963	0.0	1426
contig.00001	OR876733.1	98.684	76	1	0	1	76	8913	8988	3.93e-25	135
contig.00001	OR876733.1	87.097	62	5	2	6047	6105	5996	6057	1.46e-04	67.6
contig.00001	OR876727.1	93.395	4860	317	4	1129	5986	1108	5965	0.0	7193
contig.00001	OR876727.1	85.654	1910	190	44	6143	8021	6512	8368	0.0	1932
contig.00001	OR876727.1	93.562	963	53	5	179	1132	1	963	0.0	1426
contig.00001	OR876727.1	98.684	76	1	0	1	76	8913	8988	3.93e-25	135
contig.00001	OR876727.1	87.097	62	5	2	6047	6105	5996	6057	1.46e-04	67.6
contig.00001	OR876723.1	93.395	4860	317	4	1129	5986	1108	5965	0.0	7193
contig.00001	OR876723.1	85.707	1910	189	44	6143	8021	6512	8368	0.0	1938
contig.00001	OR876723.1	93.458	963	54	5	179	1132	1	963	0.0	1421
contig.00001	OR876723.1	98.684	76	1	0	1	76	8913	8988	3.93e-25	135
contig.00001	OR876723.1	87.097	62	5	2	6047	6105	5996	6057	1.46e-04	67.6
contig.00001	OR876721.1	93.395	4860	317	4	1129	5986	1108	5965	0.0	7193
contig.00001	OR876721.1	85.654	1910	190	44	6143	8021	6512	8368	0.0	1932
contig.00001	OR876721.1	93.562	963	53	5	179	1132	1	963	0.0	1426
contig.00001	OR876721.1	98.684	76	1	0	1	76	8913	8988	3.93e-25	135
contig.00001	OR876721.1	84.722	72	7	3	6047	6114	5996	6067	4.05e-05	69.4
contig.00001	PP313287.1	93.395	4860	317	4	1129	5986	1108	5965	0.0	7193
contig.00001	PP313287.1	85.662	1911	188	46	6143	8021	6512	8368	0.0	1932
contig.00001	PP313287.1	93.562	963	53	5	179	1132	1	963	0.0	1426
contig.00001	PP313287.1	97.368	76	2	0	1	76	8913	8988	1.83e-23	130
contig.00001	PP313287.1	87.097	62	5	2	6047	6105	5996	6057	1.46e-04	67.6
contig.00001	PP313260.1	93.395	4860	317	4	1129	5986	1108	5965	0.0	7193
contig.00001	PP313260.1	85.610	1911	189	46	6143	8021	6512	8368	0.0	1927
contig.00001	PP313260.1	93.562	963	53	5	179	1132	1	963	0.0	1426
contig.00001	PP313260.1	97.368	76	2	0	1	76	8913	8988	1.83e-23	130
contig.00001	PP313260.1	87.097	62	5	2	6047	6105	5996	6057	1.46e-04	67.6
contig.00001	PP313258.1	93.395	4860	317	4	1129	5986	1108	5965	0.0	7193
contig.00001	PP313258.1	85.654	1910	190	44	6143	8021	6512	8368	0.0	1932
contig.00001	PP313258.1	93.562	963	53	5	179	1132	1	963	0.0	1426
contig.00001	PP313258.1	98.684	76	1	0	1	76	8913	8988	3.93e-25	135
contig.00001	PP313258.1	87.097	62	5	2	6047	6105	5996	6057	1.46e-04	67.6
contig.00001	PP313255.1	93.395	4860	317	4	1129	5986	1108	5965	0.0	7193
contig.00001	PP313255.1	85.662	1911	188	46	6143	8021	6512	8368	0.0	1932
contig.00001	PP313255.1	93.666	963	52	5	179	1132	1	963	0.0	1432
contig.00001	PP313255.1	97.368	76	2	0	1	76	8913	8988	1.83e-23	130
contig.00001	PP313255.1	87.097	62	5	2	6047	6105	5996	6057	1.46e-04	67.6
contig.00001	PP313250.1	93.395	4860	317	4	1129	5986	1108	5965	0.0	7193
contig.00001	PP313250.1	85.662	1911	188	46	6143	8021	6512	8368	0.0	1932
contig.00001	PP313250.1	93.562	963	53	5	179	1132	1	963	0.0	1426
contig.00001	PP313250.1	97.368	76	2	0	1	76	8913	8988	1.83e-23	130
contig.00001	PP313250.1	87.097	62	5	2	6047	6105	5996	6057	1.46e-04	67.6
contig.00001	OP700900.1	93.380	4864	316	6	1129	5989	1085	5945	0.0	7193
contig.00001	OP700900.1	87.095	1914	203	27	6121	8021	6490	8372	0.0	2126
contig.00001	OP700900.1	92.440	873	57	5	269	1132	68	940	0.0	1238
contig.00001	OP700900.1	97.778	90	2	0	1	90	8921	9010	3.02e-31	156
contig.00001	OK533026.1	93.395	4860	317	4	1129	5986	1106	5963	0.0	7193
contig.00001	OK533026.1	85.707	1910	189	44	6143	8021	6510	8366	0.0	1938
contig.00001	OK533026.1	93.548	961	53	5	181	1132	1	961	0.0	1423
contig.00001	OK533026.1	98.701	77	1	0	1	77	8911	8987	1.09e-25	137
contig.00001	OK533026.1	87.097	62	5	2	6047	6105	5994	6055	1.46e-04	67.6
contig.00001	OK533022.1	93.395	4860	317	4	1129	5986	1106	5963	0.0	7193
contig.00001	OK533022.1	85.340	1910	187	47	6143	8021	6510	8357	0.0	1890
contig.00001	OK533022.1	93.548	961	53	5	181	1132	1	961	0.0	1423
contig.00001	OK533022.1	98.701	77	1	0	1	77	8902	8978	1.09e-25	137
contig.00001	OK533022.1	87.097	62	5	2	6047	6105	5994	6055	1.46e-04	67.6
contig.00001	OK533021.1	93.395	4860	317	4	1129	5986	1106	5963	0.0	7193
contig.00001	OK533021.1	85.654	1910	190	44	6143	8021	6510	8366	0.0	1932
contig.00001	OK533021.1	93.548	961	53	5	181	1132	1	961	0.0	1423
contig.00001	OK533021.1	98.701	77	1	0	1	77	8911	8987	1.09e-25	137
contig.00001	OK533021.1	87.097	62	5	2	6047	6105	5994	6055	1.46e-04	67.6
contig.00001	OK533020.1	93.395	4860	317	4	1129	5986	1106	5963	0.0	7193
contig.00001	OK533020.1	85.602	1910	191	44	6143	8021	6510	8366	0.0	1927
contig.00001	OK533020.1	93.548	961	53	5	181	1132	1	961	0.0	1423
contig.00001	OK533020.1	98.701	77	1	0	1	77	8911	8987	1.09e-25	137
contig.00001	OK533020.1	87.097	62	5	2	6047	6105	5994	6055	1.46e-04	67.6
contig.00001	OK533019.1	93.395	4860	317	4	1129	5986	1106	5963	0.0	7193
contig.00001	OK533019.1	85.707	1910	189	44	6143	8021	6510	8366	0.0	1938
contig.00001	OK533019.1	93.548	961	53	5	181	1132	1	961	0.0	1423
contig.00001	OK533019.1	98.701	77	1	0	1	77	8911	8987	1.09e-25	137
contig.00001	OK533019.1	87.097	62	5	2	6047	6105	5994	6055	1.46e-04	67.6
contig.00001	OK533013.1	93.395	4860	317	4	1129	5986	1106	5963	0.0	7193
contig.00001	OK533013.1	85.707	1910	189	44	6143	8021	6510	8366	0.0	1938
contig.00001	OK533013.1	93.548	961	53	5	181	1132	1	961	0.0	1423
contig.00001	OK533013.1	98.701	77	1	0	1	77	8911	8987	1.09e-25	137
contig.00001	OK533013.1	87.097	62	5	2	6047	6105	5994	6055	1.46e-04	67.6
contig.00001	OK533010.1	93.395	4860	317	4	1129	5986	1106	5963	0.0	7193
contig.00001	OK533010.1	85.707	1910	189	44	6143	8021	6510	8366	0.0	1938
contig.00001	OK533010.1	93.548	961	53	5	181	1132	1	961	0.0	1423
contig.00001	OK533010.1	98.701	77	1	0	1	77	8911	8987	1.09e-25	137
contig.00001	OK533010.1	87.097	62	5	2	6047	6105	5994	6055	1.46e-04	67.6
contig.00001	OK533007.1	93.395	4860	317	4	1129	5986	1106	5963	0.0	7193
contig.00001	OK533007.1	85.654	1910	190	44	6143	8021	6510	8366	0.0	1932
contig.00001	OK533007.1	93.548	961	53	5	181	1132	1	961	0.0	1423
contig.00001	OK533007.1	98.701	77	1	0	1	77	8911	8987	1.09e-25	137
contig.00001	OK533007.1	87.097	62	5	2	6047	6105	5994	6055	1.46e-04	67.6
contig.00001	OK533006.1	93.395	4860	317	4	1129	5986	1106	5963	0.0	7193
contig.00001	OK533006.1	85.654	1910	190	44	6143	8021	6510	8366	0.0	1932
contig.00001	OK533006.1	93.548	961	53	5	181	1132	1	961	0.0	1423
contig.00001	OK533006.1	98.701	77	1	0	1	77	8911	8987	1.09e-25	137
contig.00001	OK533006.1	87.097	62	5	2	6047	6105	5994	6055	1.46e-04	67.6
contig.00001	OK532662.1	93.396	4861	316	5	1129	5986	958	5816	0.0	7193
contig.00001	OK532662.1	85.654	1910	190	44	6143	8021	6363	8219	0.0	1932
contig.00001	OK532662.1	93.235	813	46	5	329	1132	1	813	0.0	1188
contig.00001	OK532662.1	87.097	62	5	2	6047	6105	5847	5908	1.46e-04	67.6
contig.00001	OK532661.1	93.395	4860	317	4	1129	5986	958	5815	0.0	7193
contig.00001	OK532661.1	85.714	1911	187	46	6143	8021	6362	8218	0.0	1938
contig.00001	OK532661.1	93.235	813	46	5	329	1132	1	813	0.0	1188
contig.00001	OK532661.1	87.097	62	5	2	6047	6105	5846	5907	1.46e-04	67.6
contig.00001	OK532659.1	93.395	4860	317	4	1129	5986	958	5815	0.0	7193
contig.00001	OK532659.1	85.602	1910	191	44	6143	8021	6362	8218	0.0	1927
contig.00001	OK532659.1	93.112	813	47	5	329	1132	1	813	0.0	1182
contig.00001	OK532659.1	87.097	62	5	2	6047	6105	5846	5907	1.46e-04	67.6
contig.00001	OK532656.1	93.395	4860	317	4	1129	5986	958	5815	0.0	7193
contig.00001	OK532656.1	85.654	1910	190	44	6143	8021	6362	8218	0.0	1932
contig.00001	OK532656.1	93.235	813	46	5	329	1132	1	813	0.0	1188
contig.00001	OK532656.1	87.097	62	5	2	6047	6105	5846	5907	1.46e-04	67.6
contig.00001	OK532655.1	93.395	4860	317	4	1129	5986	958	5815	0.0	7193
contig.00001	OK532655.1	85.654	1910	190	44	6143	8021	6362	8218	0.0	1932
contig.00001	OK532655.1	93.235	813	46	5	329	1132	1	813	0.0	1188
contig.00001	OK532655.1	87.097	62	5	2	6047	6105	5846	5907	1.46e-04	67.6
contig.00001	OK532651.1	93.395	4860	317	4	1129	5986	958	5815	0.0	7193
contig.00001	OK532651.1	85.759	1910	188	44	6143	8021	6362	8218	0.0	1943
contig.00001	OK532651.1	93.112	813	47	5	329	1132	1	813	0.0	1182
contig.00001	OK532651.1	87.097	62	5	2	6047	6105	5846	5907	1.46e-04	67.6
contig.00001	OK532650.1	93.395	4860	317	4	1129	5986	958	5815	0.0	7193
contig.00001	OK532650.1	85.654	1910	190	44	6143	8021	6362	8218	0.0	1932
contig.00001	OK532650.1	93.235	813	46	5	329	1132	1	813	0.0	1188
contig.00001	OK532650.1	87.097	62	5	2	6047	6105	5846	5907	1.46e-04	67.6
contig.00001	OK532645.1	93.395	4860	317	4	1129	5986	958	5815	0.0	7193
contig.00001	OK532645.1	85.602	1910	191	44	6143	8021	6362	8218	0.0	1927
contig.00001	OK532645.1	93.235	813	46	5	329	1132	1	813	0.0	1188
contig.00001	OK532645.1	87.097	62	5	2	6047	6105	5846	5907	1.46e-04	67.6
contig.00001	OK532644.1	93.395	4860	317	4	1129	5986	958	5815	0.0	7193
contig.00001	OK532644.1	85.707	1910	189	44	6143	8021	6362	8218	0.0	1938
contig.00001	OK532644.1	93.235	813	46	5	329	1132	1	813	0.0	1188
contig.00001	OK532644.1	87.097	62	5	2	6047	6105	5846	5907	1.46e-04	67.6
contig.00001	OK532642.1	93.395	4860	317	4	1129	5986	958	5815	0.0	7193
contig.00001	OK532642.1	85.654	1910	190	44	6143	8021	6362	8218	0.0	1932
contig.00001	OK532642.1	93.235	813	46	5	329	1132	1	813	0.0	1188
contig.00001	OK532642.1	87.097	62	5	2	6047	6105	5846	5907	1.46e-04	67.6
contig.00001	OK532641.1	93.395	4860	317	4	1129	5986	958	5815	0.0	7193
contig.00001	OK532641.1	85.654	1910	190	44	6143	8021	6362	8218	0.0	1932
contig.00001	OK532641.1	93.112	813	47	5	329	1132	1	813	0.0	1182
contig.00001	OK532641.1	87.097	62	5	2	6047	6105	5846	5907	1.46e-04	67.6
contig.00001	OK532639.1	93.395	4860	317	4	1129	5986	958	5815	0.0	7193
contig.00001	OK532639.1	85.654	1910	190	44	6143	8021	6362	8218	0.0	1932
contig.00001	OK532639.1	93.235	813	46	5	329	1132	1	813	0.0	1188
contig.00001	OK532639.1	87.097	62	5	2	6047	6105	5846	5907	1.46e-04	67.6
contig.00001	OK532637.1	93.395	4860	317	4	1129	5986	958	5815	0.0	7193
contig.00001	OK532637.1	85.654	1910	190	44	6143	8021	6362	8218	0.0	1932
contig.00001	OK532637.1	93.235	813	46	5	329	1132	1	813	0.0	1188
contig.00001	OK532637.1	87.097	62	5	2	6047	6105	5846	5907	1.46e-04	67.6
contig.00001	OK532635.1	93.395	4860	317	4	1129	5986	958	5815	0.0	7193
contig.00001	OK532635.1	85.714	1911	187	46	6143	8021	6362	8218	0.0	1938
contig.00001	OK532635.1	93.112	813	47	5	329	1132	1	813	0.0	1182
contig.00001	OK532635.1	87.097	62	5	2	6047	6105	5846	5907	1.46e-04	67.6
contig.00001	OK532629.1	93.395	4860	317	4	1129	5986	958	5815	0.0	7193
contig.00001	OK532629.1	85.654	1910	190	44	6143	8021	6362	8218	0.0	1932
contig.00001	OK532629.1	93.235	813	46	5	329	1132	1	813	0.0	1188
contig.00001	OK532629.1	87.097	62	5	2	6047	6105	5846	5907	1.46e-04	67.6
contig.00001	PX950193.1	93.435	4859	306	12	1129	5982	1198	6048	0.0	7193
contig.00001	PX950193.1	87.872	1748	186	16	6142	7873	6598	8335	0.0	2030
contig.00001	PX950193.1	94.508	1056	55	2	77	1132	1	1053	0.0	1626
contig.00001	PX950193.1	85.106	188	19	4	7834	8021	8334	8512	1.39e-39	183
contig.00001	HM469980.1	93.333	4875	305	15	1129	5987	1762	6632	0.0	7190
contig.00001	HM469980.1	86.885	1891	201	29	6144	8021	7196	9052	0.0	2085
contig.00001	HM469980.1	94.440	1133	58	3	1	1132	489	1617	0.0	1738
contig.00001	HM469979.1	93.251	4875	309	15	1129	5987	1762	6632	0.0	7186
contig.00001	HM469979.1	87.533	1893	190	31	6144	8021	7178	9039	0.0	2152
contig.00001	HM469979.1	93.733	1133	67	2	1	1132	488	1617	0.0	1698
contig.00002	MT033735.1	88.425	2203	182	44	1	2167	1101	3266	0.0	2588
contig.00002	MT033726.1	88.425	2203	182	44	1	2167	1102	3267	0.0	2588
contig.00002	MT033720.1	88.425	2203	182	44	1	2167	1104	3269	0.0	2588
contig.00002	MT033716.1	88.425	2203	182	44	1	2167	1104	3269	0.0	2588
contig.00002	MT033713.1	88.425	2203	182	44	1	2167	1101	3266	0.0	2588
contig.00002	MT033719.1	88.379	2203	183	44	1	2167	750	2915	0.0	2582
contig.00002	AY835777.1	88.350	2206	184	46	1	2167	5655	7826	0.0	2582
contig.00002	MT033728.1	88.195	2194	195	41	1	2167	738	2894	0.0	2558
contig.00002	ON816077.1	88.107	2203	187	50	3	2167	4951	7116	0.0	2547
contig.00002	MW059307.1	87.929	2212	203	36	1	2167	4736	6928	0.0	2547
contig.00002	MW059290.1	87.929	2212	203	36	1	2167	4737	6929	0.0	2547
contig.00002	U43096.1	88.040	2199	201	46	1	2167	5201	7369	0.0	2547
contig.00002	MH897914.1	88.004	2209	193	49	3	2167	4791	6971	0.0	2545
contig.00002	MW059365.1	87.929	2212	197	43	1	2167	4865	7051	0.0	2542
contig.00002	U63632.1	87.989	2198	195	46	1	2167	4972	7131	0.0	2532
contig.00002	MW059320.1	87.857	2207	202	42	1	2167	3825	6005	0.0	2531
contig.00002	MW059315.1	87.857	2207	202	42	1	2167	3067	5247	0.0	2531
contig.00002	MH897913.1	87.879	2211	192	54	3	2167	4495	6675	0.0	2529
contig.00002	AY713409.1	87.864	2200	207	42	3	2167	4872	7046	0.0	2529
contig.00002	U69587.1	87.731	2217	207	45	1	2167	5201	7402	0.0	2527
contig.00002	AY835778.1	87.942	2206	187	53	1	2167	5655	7820	0.0	2527
contig.00002	U69585.1	87.715	2214	210	45	1	2167	5201	7399	0.0	2525
contig.00002	AY970947.1	87.795	2204	200	43	1	2167	5598	7769	0.0	2516
contig.00002	MK385355.1	87.774	2192	214	39	1	2167	4894	7056	0.0	2514
contig.00002	U69589.1	87.590	2224	206	48	1	2167	5201	7411	0.0	2514
contig.00002	U69586.1	87.601	2226	202	48	1	2167	5201	7411	0.0	2514
contig.00002	U69584.1	87.506	2233	203	46	1	2167	5201	7423	0.0	2508
contig.00002	MT744339.1	87.699	2203	205	43	3	2167	4963	7137	0.0	2507
contig.00002	PX949865.1	87.756	2197	202	42	1	2167	5036	7195	0.0	2505
contig.00002	DQ487191.1	87.523	2220	203	43	1	2167	5197	7395	0.0	2501
contig.00002	PX950884.1	87.602	2202	214	40	1	2167	1265	3442	0.0	2499
contig.00002	M68893.1	87.568	2196	225	33	3	2167	82	2260	0.0	2499
contig.00002	MN237643.1	87.711	2197	200	46	1	2167	4866	7022	0.0	2497
contig.00002	KU521529.1	87.545	2200	223	36	1	2167	5655	7836	0.0	2497
contig.00002	KX505649.1	87.523	2204	221	37	1	2167	4466	6652	0.0	2497
contig.00002	U69588.1	87.489	2214	215	45	1	2167	5201	7399	0.0	2497
contig.00002	U69592.1	87.427	2219	216	41	1	2167	5201	7408	0.0	2494
contig.00002	MZ359150.1	87.665	2197	201	46	1	2167	4866	7022	0.0	2492
contig.00002	MW059376.1	87.540	2207	209	40	1	2167	4802	6982	0.0	2492
contig.00002	MW059371.1	87.540	2207	209	40	1	2167	4838	7018	0.0	2492
contig.00002	MW059370.1	87.540	2207	209	40	1	2167	4801	6981	0.0	2492
contig.00002	MW059368.1	87.540	2207	209	40	1	2167	4806	6986	0.0	2492
contig.00002	MW059357.1	87.540	2207	209	40	1	2167	4802	6982	0.0	2492
contig.00002	MW059348.1	87.540	2207	209	40	1	2167	4804	6984	0.0	2492
contig.00002	MW059347.1	87.540	2207	209	40	1	2167	4802	6982	0.0	2492
contig.00002	MW059344.1	87.540	2207	209	40	1	2167	4795	6975	0.0	2492
contig.00002	MW059341.1	87.540	2207	209	40	1	2167	4802	6982	0.0	2492
contig.00002	MW059337.1	87.540	2207	209	40	1	2167	4803	6983	0.0	2492
contig.00002	MW059330.1	87.540	2207	209	40	1	2167	4802	6982	0.0	2492
contig.00002	MW059324.1	87.540	2207	209	40	1	2167	4804	6984	0.0	2492
contig.00002	MW059322.1	87.540	2207	209	40	1	2167	4802	6982	0.0	2492
contig.00002	MW059319.1	87.540	2207	209	40	1	2167	4803	6983	0.0	2492
contig.00002	MW059317.1	87.540	2207	209	40	1	2167	4802	6982	0.0	2492
contig.00002	MW059316.1	87.540	2207	209	40	1	2167	4802	6982	0.0	2492
contig.00002	MW059314.1	87.540	2207	209	40	1	2167	4802	6982	0.0	2492
contig.00002	MW059310.1	87.540	2207	209	40	1	2167	4804	6984	0.0	2492
contig.00002	MW059309.1	87.540	2207	209	40	1	2167	4795	6975	0.0	2492
contig.00002	MW059297.1	87.540	2207	209	40	1	2167	4803	6983	0.0	2492
contig.00002	MW059278.1	87.540	2207	209	40	1	2167	4802	6982	0.0	2492
contig.00002	MW059276.1	87.540	2207	209	40	1	2167	4802	6982	0.0	2492
contig.00002	MW059275.1	87.540	2207	209	40	1	2167	4788	6968	0.0	2492
contig.00002	MW059274.1	87.540	2207	209	40	1	2167	4813	6993	0.0	2492
contig.00002	MW059273.1	87.540	2207	209	40	1	2167	4802	6982	0.0	2492
contig.00002	MW059346.1	87.494	2207	210	40	1	2167	4785	6965	0.0	2486
contig.00002	MW059303.1	87.494	2207	210	40	1	2167	4802	6982	0.0	2486
contig.00002	PX950201.1	87.421	2202	224	35	1	2167	2780	4963	0.0	2483
contig.00002	MW062972.1	87.426	2203	222	34	1	2167	4992	7175	0.0	2483
contig.00002	AY835755.1	87.528	2205	201	46	1	2167	5655	7823	0.0	2481
contig.00002	MK384379.1	87.398	2198	226	38	1	2167	4920	7097	0.0	2477
contig.00002	OM209965.1	87.398	2214	208	49	1	2167	5005	7194	0.0	2477
contig.00002	OM209963.1	87.398	2214	208	49	1	2167	5003	7192	0.0	2477
contig.00002	OM209961.1	87.398	2214	208	49	1	2167	4995	7184	0.0	2477
contig.00002	OM209956.1	87.398	2214	208	49	1	2167	4972	7161	0.0	2477
contig.00002	OM209955.1	87.398	2214	208	49	1	2167	4990	7179	0.0	2477
contig.00002	OM209954.1	87.398	2214	208	49	1	2167	4995	7184	0.0	2477
contig.00002	OM209952.1	87.398	2214	208	49	1	2167	4974	7163	0.0	2477
contig.00002	OM209951.1	87.398	2214	208	49	1	2167	5004	7193	0.0	2477
contig.00002	OM209950.1	87.398	2214	208	49	1	2167	5003	7192	0.0	2477
contig.00002	OM209949.1	87.398	2214	208	49	1	2167	4999	7188	0.0	2477
contig.00002	OM209948.1	87.398	2214	208	49	1	2167	5002	7191	0.0	2477
contig.00002	OM209947.1	87.398	2214	208	49	1	2167	4999	7188	0.0	2477
contig.00002	OM209946.1	87.398	2214	208	49	1	2167	4989	7178	0.0	2477
contig.00002	PX949867.1	87.540	2199	203	48	1	2167	4985	7144	0.0	2477
contig.00002	MK169545.1	87.353	2206	221	38	1	2167	5003	7189	0.0	2475
contig.00002	OR877156.1	87.432	2212	202	52	1	2167	2482	4662	0.0	2475
contig.00002	KJ704788.1	87.398	2214	206	43	3	2167	4424	6613	0.0	2475
contig.00002	OM795257.1	87.438	2205	209	48	1	2167	5016	7190	0.0	2475
contig.00002	ON421509.1	87.466	2218	190	51	1	2167	5030	7210	0.0	2475
contig.00002	PX949881.1	87.472	2203	206	41	1	2167	2373	4541	0.0	2475
contig.00002	MW059301.1	87.409	2208	210	43	1	2167	2308	4488	0.0	2475
contig.00002	MT033729.1	87.517	2195	205	46	1	2167	743	2896	0.0	2471
contig.00002	OM209953.1	87.353	2214	209	49	1	2167	4995	7184	0.0	2471
contig.00002	MT559046.1	87.432	2212	199	44	1	2167	5010	7187	0.0	2471
contig.00002	AY779554.1	87.449	2215	193	57	1	2167	4944	7121	0.0	2471
contig.00002	OM795261.1	87.392	2205	210	48	1	2167	1442	3616	0.0	2470
contig.00002	ON816613.1	87.302	2205	224	42	1	2167	818	3004	0.0	2470
contig.00002	PX949878.1	87.472	2195	209	41	1	2167	3849	6005	0.0	2470
contig.00002	M65024.1	88.341	2110	177	54	89	2167	1	2072	0.0	2470
contig.00002	KJ140247.2	87.370	2217	197	51	1	2167	5614	7797	0.0	2466
contig.00002	PX949863.1	87.415	2193	217	37	1	2167	5082	7241	0.0	2466
contig.00002	PV115316.1	87.335	2203	215	43	1	2167	4788	6962	0.0	2464
contig.00002	KF561442.2	87.387	2204	206	43	1	2167	5315	7483	0.0	2464
contig.00002	ON816564.1	87.268	2207	221	45	1	2167	4991	7177	0.0	2464
contig.00002	ON816534.1	87.268	2207	221	45	1	2167	4991	7177	0.0	2464
contig.00002	PX949877.1	87.409	2200	208	43	3	2167	4105	6270	0.0	2464
contig.00002	PX949864.1	87.409	2200	207	48	1	2167	5042	7204	0.0	2464
contig.00002	MK577480.1	87.386	2196	212	39	1	2167	5007	7166	0.0	2460
contig.00002	ON816231.1	87.246	2211	217	40	1	2167	1873	4062	0.0	2460
contig.00002	ON816225.1	87.246	2211	217	40	1	2167	1873	4062	0.0	2460
contig.00002	ON816220.1	87.246	2211	217	40	1	2167	1873	4062	0.0	2460
contig.00002	ON816211.1	87.246	2211	217	40	1	2167	1873	4062	0.0	2460
contig.00002	ON816207.1	87.246	2211	217	40	1	2167	1873	4062	0.0	2460
contig.00002	MZ662717.1	87.246	2211	217	40	1	2167	1873	4062	0.0	2460
contig.00002	KJ140250.3	87.324	2201	213	41	1	2167	5610	7778	0.0	2459
contig.00002	ON816562.1	87.228	2208	220	46	1	2167	4819	7005	0.0	2459
contig.00002	MW753710.1	87.179	2223	211	51	1	2167	4934	7138	0.0	2459
contig.00002	U69591.1	87.152	2226	212	49	1	2167	5201	7411	0.0	2459
contig.00002	AY835779.1	87.369	2201	204	49	3	2167	5658	7820	0.0	2457
contig.00002	KJ140251.2	87.301	2197	218	44	1	2167	5319	7484	0.0	2455
contig.00002	KU901964.1	87.302	2205	209	51	1	2167	672	2843	0.0	2455
contig.00002	ON816246.1	87.200	2211	218	40	1	2167	1873	4062	0.0	2455
contig.00002	ON816238.1	87.200	2211	218	40	1	2167	1873	4062	0.0	2455
contig.00002	PX950204.1	87.195	2210	220	44	1	2167	2169	4358	0.0	2455
contig.00002	PX949868.1	87.312	2199	214	40	1	2167	4940	7105	0.0	2455
contig.00002	AY423381.1	87.262	2206	214	50	1	2167	5219	7396	0.0	2455
contig.00002	AY835775.1	87.184	2216	214	48	3	2167	5652	7848	0.0	2455
contig.00002	KJ140257.2	87.335	2203	203	48	1	2167	5317	7479	0.0	2453
contig.00002	OM795285.1	87.312	2199	211	50	1	2167	5019	7181	0.0	2453
contig.00002	AY835781.1	87.286	2218	194	55	1	2167	5655	7835	0.0	2453
contig.00002	MN043583.1	87.335	2203	200	43	1	2167	5007	7166	0.0	2449
contig.00002	KU901976.1	87.256	2205	210	51	1	2167	5160	7331	0.0	2449
contig.00002	KU901968.1	87.256	2205	210	51	1	2167	672	2843	0.0	2449
contig.00002	KU901966.1	87.256	2205	210	51	1	2167	672	2843	0.0	2449
contig.00002	KU901962.1	87.256	2205	210	51	1	2167	672	2843	0.0	2449
contig.00002	KU901951.1	87.256	2205	210	51	1	2167	672	2843	0.0	2449
contig.00002	KU901950.1	87.256	2205	210	51	1	2167	672	2843	0.0	2449
contig.00002	KU901945.1	87.256	2205	210	51	1	2167	672	2843	0.0	2449
contig.00002	KU901944.1	87.256	2205	210	51	1	2167	672	2843	0.0	2449
contig.00002	KU901940.1	87.256	2205	210	51	1	2167	672	2843	0.0	2449
contig.00002	AY423382.1	87.183	2208	215	51	1	2167	5323	7503	0.0	2449
contig.00002	AF003888.1	87.066	2219	224	41	1	2167	5634	7841	0.0	2449
contig.00002	MN043599.1	87.245	2203	211	41	1	2167	5018	7186	0.0	2447
contig.00002	KX505651.1	87.142	2201	229	32	1	2167	113	2293	0.0	2447
contig.00002	OK533189.1	87.116	2212	221	38	1	2167	4842	7034	0.0	2447
contig.00002	KU901952.1	87.211	2205	211	51	1	2167	672	2843	0.0	2446
contig.00002	MN043580.1	87.255	2197	213	39	1	2167	5020	7179	0.0	2444
contig.00002	MH843887.1	87.071	2212	225	45	1	2167	4955	7150	0.0	2444
contig.00002	KY778436.1	87.071	2212	225	45	1	2167	4976	7171	0.0	2444
contig.00002	KY778421.1	87.071	2212	225	45	1	2167	1473	3668	0.0	2444
contig.00002	KY778416.1	87.071	2212	225	45	1	2167	4976	7171	0.0	2444
contig.00002	KY778395.1	87.071	2212	225	45	1	2167	4994	7189	0.0	2444
contig.00002	KU901967.1	87.211	2205	211	51	1	2167	672	2843	0.0	2444
contig.00002	KU901963.1	87.211	2205	211	52	1	2167	672	2843	0.0	2444
contig.00002	KU901961.1	87.211	2205	211	51	1	2167	672	2843	0.0	2444
contig.00002	KU901946.1	87.211	2205	211	51	1	2167	672	2843	0.0	2444
contig.00002	OM795291.1	87.123	2221	207	56	1	2167	5016	7211	0.0	2444
contig.00002	PX949876.1	87.245	2203	208	43	1	2167	4160	6325	0.0	2444
contig.00002	AF003887.1	87.021	2219	225	41	1	2167	5655	7862	0.0	2444
contig.00002	AY835759.1	87.228	2208	202	51	1	2167	5655	7823	0.0	2442
contig.00002	MH234642.1	87.244	2195	212	41	14	2167	4822	6989	0.0	2440
contig.00002	MH234640.1	87.060	2218	214	49	1	2167	4776	6971	0.0	2440
contig.00002	MZ662575.1	87.258	2221	182	76	1	2167	4933	7106	0.0	2440
contig.00002	MN043592.1	87.173	2214	201	49	1	2167	4911	7088	0.0	2438
contig.00002	KY778387.1	87.025	2212	226	45	1	2167	4848	7043	0.0	2438
contig.00002	AY835760.1	87.154	2203	216	43	1	2167	5658	7829	0.0	2438
contig.00002	M26727.1	87.098	2209	218	49	1	2167	5198	7381	0.0	2438
contig.00002	MK385578.1	86.992	2214	226	43	1	2167	1934	4132	0.0	2436
contig.00002	MK385557.1	86.992	2214	226	43	1	2167	1934	4132	0.0	2436
contig.00002	MK385551.1	86.992	2214	226	43	1	2167	1934	4132	0.0	2436
contig.00002	MK385406.1	86.992	2214	226	43	1	2167	1929	4127	0.0	2436
contig.00002	MK385145.1	86.992	2214	226	43	1	2167	1933	4131	0.0	2436
contig.00002	MK384807.1	86.992	2214	226	43	1	2167	1929	4127	0.0	2436
contig.00002	MK384798.1	86.992	2214	226	43	1	2167	1927	4125	0.0	2436
contig.00002	MK384751.1	86.992	2214	226	43	1	2167	1934	4132	0.0	2436
contig.00002	MK384689.1	86.992	2214	226	43	1	2167	1929	4127	0.0	2436
contig.00002	MK384675.1	86.992	2214	226	43	1	2167	1929	4127	0.0	2436
contig.00002	MK384337.1	86.992	2214	226	43	1	2167	1927	4125	0.0	2436
contig.00002	MK384328.1	86.992	2214	226	43	1	2167	1933	4131	0.0	2436
contig.00002	MK384295.1	86.992	2214	226	43	1	2167	1925	4123	0.0	2436
contig.00002	MK384286.1	86.992	2214	226	43	1	2167	1934	4132	0.0	2436
contig.00002	MK383931.1	86.992	2214	226	43	1	2167	2385	4583	0.0	2436
contig.00002	MK383839.1	86.992	2214	226	43	1	2167	1932	4130	0.0	2436
contig.00002	MK383775.1	86.992	2214	226	43	1	2167	1929	4127	0.0	2436
contig.00002	MK383753.1	86.992	2214	226	43	1	2167	1929	4127	0.0	2436
contig.00002	FJ469684.1	87.221	2199	207	55	1	2167	4898	7054	0.0	2436
contig.00002	MT559066.1	87.171	2206	206	46	1	2167	5034	7201	0.0	2435
contig.00002	AY835765.1	87.181	2192	219	41	3	2167	5658	7814	0.0	2435
contig.00002	MK385327.1	86.921	2225	222	47	1	2167	3912	6125	0.0	2433
contig.00002	MK384495.1	86.921	2225	222	47	1	2167	3908	6121	0.0	2433
contig.00002	MK384040.1	86.921	2225	222	47	1	2167	3913	6126	0.0	2433
contig.00002	KJ140252.2	87.166	2205	206	48	1	2167	4905	7070	0.0	2433
contig.00002	AB604951.1	86.953	2215	228	44	1	2167	5673	7874	0.0	2433
contig.00002	U69590.1	86.931	2219	227	41	1	2167	5201	7408	0.0	2433
contig.00002	KY766156.1	86.960	2224	214	55	1	2167	2794	4998	0.0	2431
contig.00002	OM795270.1	87.051	2201	225	45	1	2167	5016	7190	0.0	2431
contig.00002	OM795260.1	87.011	2225	205	58	1	2167	4636	6834	0.0	2431
contig.00002	AY423383.1	87.041	2207	217	52	1	2167	5225	7402	0.0	2431
contig.00002	AY970946.1	87.205	2204	198	43	1	2167	5605	7761	0.0	2431
contig.00002	MW753884.1	86.921	2225	216	54	1	2167	4954	7161	0.0	2427
contig.00002	MW753816.1	86.921	2225	216	54	1	2167	4954	7161	0.0	2427
contig.00002	MT307425.1	87.000	2200	231	36	1	2167	732	2909	0.0	2427
contig.00002	AY423385.1	87.047	2208	215	52	1	2167	5212	7389	0.0	2427
contig.00002	AY423384.1	87.047	2208	215	52	1	2167	5229	7406	0.0	2427
contig.00002	AB604950.1	87.006	2201	225	44	15	2167	5687	7874	0.0	2423
contig.00002	MH843908.1	86.890	2212	229	45	1	2167	3871	6066	0.0	2422
contig.00002	MH843897.1	86.890	2212	229	45	1	2167	3867	6062	0.0	2422
contig.00002	MH843884.1	86.890	2212	229	45	1	2167	3871	6066	0.0	2422
contig.00002	MH843792.1	86.876	2225	217	54	1	2167	4950	7157	0.0	2422
contig.00002	MH843772.1	86.876	2225	217	54	1	2167	4950	7157	0.0	2422
contig.00002	MH843759.1	86.876	2225	217	54	1	2167	4950	7157	0.0	2422
contig.00002	MH843754.1	86.876	2225	217	54	1	2167	4950	7157	0.0	2422
contig.00002	MH843742.1	86.876	2225	217	54	1	2167	4950	7157	0.0	2422
contig.00002	KY778425.1	86.890	2212	229	45	1	2167	3890	6085	0.0	2422
contig.00002	KY778399.1	86.890	2212	229	45	1	2167	3892	6087	0.0	2422
contig.00002	KY778388.1	86.890	2212	229	45	1	2167	3892	6087	0.0	2422
contig.00002	KY766151.1	86.876	2225	217	54	1	2167	4971	7178	0.0	2422
contig.00002	KY766169.1	86.876	2225	217	54	1	2167	4971	7178	0.0	2422
contig.00002	KY766182.1	86.876	2225	217	54	1	2167	4971	7178	0.0	2422
contig.00002	KY766207.1	86.876	2225	217	54	1	2167	4971	7178	0.0	2422
contig.00002	OK532455.1	86.941	2213	220	42	1	2167	4842	7031	0.0	2422
contig.00002	MW753862.1	86.876	2225	217	54	1	2167	4954	7161	0.0	2422
contig.00002	MW753850.1	86.876	2225	217	54	1	2167	4954	7161	0.0	2422
contig.00002	MW753843.1	86.876	2225	217	54	1	2167	4954	7161	0.0	2422
contig.00002	MW753840.1	86.876	2225	217	54	1	2167	4954	7161	0.0	2422
contig.00002	MW753837.1	86.876	2225	217	54	1	2167	4954	7161	0.0	2422
contig.00002	MW753826.1	86.876	2225	217	54	1	2167	4954	7161	0.0	2422
contig.00002	MW753817.1	86.876	2225	217	54	1	2167	4954	7161	0.0	2422
contig.00002	MW753814.1	86.876	2225	217	54	1	2167	4954	7161	0.0	2422
contig.00002	MW753811.1	86.876	2225	217	54	1	2167	4954	7161	0.0	2422
contig.00002	MW753795.1	86.876	2225	217	54	1	2167	4954	7161	0.0	2422
contig.00002	MW753794.1	86.876	2225	217	54	1	2167	4954	7161	0.0	2422
contig.00002	MW753789.1	86.876	2225	217	54	1	2167	4954	7161	0.0	2422
contig.00002	MW753788.1	86.876	2225	217	54	1	2167	4954	7161	0.0	2422
contig.00002	MW753782.1	86.876	2225	217	54	1	2167	4954	7161	0.0	2422
contig.00002	MW753773.1	86.876	2225	217	54	1	2167	4954	7161	0.0	2422
contig.00002	MW753771.1	86.876	2225	217	54	1	2167	4954	7161	0.0	2422
contig.00002	MW753769.1	86.876	2225	217	54	1	2167	4954	7161	0.0	2422
contig.00002	MW753765.1	86.876	2225	217	54	1	2167	4954	7161	0.0	2422
contig.00002	MW753763.1	86.876	2225	217	54	1	2167	4954	7161	0.0	2422
contig.00002	MW753755.1	86.876	2225	217	53	1	2167	4954	7161	0.0	2422
contig.00002	MW753746.1	86.876	2225	217	54	1	2167	4954	7161	0.0	2422
contig.00002	MW753736.1	86.876	2225	217	54	1	2167	4954	7161	0.0	2422
contig.00002	MW753733.1	86.876	2225	217	54	1	2167	4954	7161	0.0	2422
contig.00002	MW753732.1	86.876	2225	217	54	1	2167	4954	7161	0.0	2422
contig.00002	MW753702.1	86.876	2225	217	54	1	2167	4954	7161	0.0	2422
contig.00002	MW753677.1	86.876	2225	217	54	1	2167	4954	7161	0.0	2422
contig.00002	AB565479.1	86.913	2216	221	44	1	2167	5675	7870	0.0	2422
contig.00002	AY779553.1	87.047	2208	209	48	1	2167	4944	7115	0.0	2422
contig.00002	MK385091.1	86.837	2226	219	47	1	2167	2272	4482	0.0	2420
contig.00002	KX505652.1	86.915	2201	234	33	1	2167	4953	7133	0.0	2420
contig.00002	OM795269.1	86.953	2215	213	51	1	2167	863	3049	0.0	2420
contig.00002	MT559044.1	87.131	2199	203	47	1	2167	4904	7054	0.0	2420
contig.00002	JF689890.1	86.807	2236	213	50	1	2167	4860	7082	0.0	2420
contig.00002	MN043588.1	87.002	2208	212	44	1	2167	5023	7196	0.0	2418
contig.00002	KJ140245.2	86.968	2210	213	41	1	2167	5315	7492	0.0	2416
contig.00002	MT033327.1	86.951	2207	219	40	1	2167	4454	6631	0.0	2416
contig.00002	MH843765.1	86.831	2225	218	54	1	2167	4950	7157	0.0	2416
contig.00002	MH234643.1	86.880	2218	218	45	1	2167	4842	7037	0.0	2416
contig.00002	KY778413.1	86.844	2212	230	45	1	2167	3892	6087	0.0	2416
contig.00002	KY766150.1	86.831	2225	218	54	1	2167	4971	7178	0.0	2416
contig.00002	KY766157.1	86.831	2225	218	54	1	2167	4971	7178	0.0	2416
contig.00002	MW753891.1	86.831	2225	218	54	1	2167	4954	7161	0.0	2416
contig.00002	MW753828.1	86.831	2225	218	54	1	2167	4954	7161	0.0	2416
contig.00002	MW753825.1	86.831	2225	218	54	1	2167	4954	7161	0.0	2416
contig.00002	MW753798.1	86.831	2225	218	54	1	2167	4954	7161	0.0	2416
contig.00002	MW753743.1	86.831	2225	218	54	1	2167	4954	7161	0.0	2416
contig.00002	MH843747.1	86.826	2224	217	52	1	2167	4978	7182	0.0	2414
contig.00002	OM795265.1	86.876	2225	208	58	1	2167	5016	7214	0.0	2414
contig.00002	PX949875.1	86.972	2203	217	49	1	2167	4188	6356	0.0	2414
contig.00002	DQ383752.1	86.890	2212	208	57	1	2167	4877	7051	0.0	2414
contig.00002	JF689857.1	86.882	2203	229	41	3	2167	4863	7043	0.0	2412
contig.00002	MH843907.1	86.799	2212	231	45	1	2167	4955	7150	0.0	2410
contig.00002	MH843894.1	86.799	2212	231	45	1	2167	4955	7150	0.0	2410
contig.00002	MH843883.1	86.799	2212	231	45	1	2167	4955	7150	0.0	2410
contig.00002	MH843872.1	86.793	2211	233	40	1	2167	3652	5847	0.0	2410
contig.00002	KF561443.2	86.927	2203	221	38	1	2167	5309	7480	0.0	2410
contig.00002	KY778414.1	86.799	2212	231	45	1	2167	4976	7171	0.0	2410
contig.00002	KY778392.1	86.799	2212	231	45	1	2167	4976	7171	0.0	2410
contig.00002	KT259311.1	86.878	2210	218	42	1	2167	5667	7847	0.0	2410
contig.00002	ON015298.1	87.057	2202	202	46	1	2167	4805	6958	0.0	2410
contig.00002	JQ403042.1	86.887	2204	226	40	1	2167	4881	7058	0.0	2410
contig.00002	MT307429.1	86.876	2202	230	37	1	2167	732	2909	0.0	2410
contig.00002	AY423386.1	86.937	2220	201	64	1	2167	5314	7497	0.0	2410
contig.00002	MT033333.1	86.751	2219	228	41	1	2167	4929	7133	0.0	2409
contig.00002	KJ704797.1	85.998	2214	237	46	3	2167	5039	7228	0.0	2409
contig.00002	OK533271.1	86.799	2212	229	37	1	2167	4842	7035	0.0	2409
contig.00002	MT307430.1	86.828	2194	243	30	1	2167	732	2906	0.0	2409
contig.00002	HM469975.1	86.878	2210	218	42	1	2167	5667	7847	0.0	2409
contig.00002	GQ386793.1	86.878	2210	218	42	1	2167	5667	7847	0.0	2409
contig.00002	GQ386792.1	86.878	2210	218	42	1	2167	5667	7847	0.0	2409
contig.00002	AB565478.1	86.802	2220	219	49	1	2167	5674	7872	0.0	2409
contig.00002	MZ662659.1	86.816	2230	204	55	3	2167	4718	6922	0.0	2407
contig.00002	MT033857.1	86.763	2221	221	53	1	2167	3119	5320	0.0	2405
contig.00002	MT033855.1	86.763	2221	221	53	1	2167	4908	7109	0.0	2405
contig.00002	MT033853.1	86.763	2221	221	53	1	2167	4941	7142	0.0	2405
contig.00002	MN043604.1	86.945	2206	209	50	1	2167	5010	7175	0.0	2405
contig.00002	KY778409.1	86.754	2212	232	45	1	2167	4976	7171	0.0	2405
contig.00002	KY778390.1	86.754	2212	232	45	1	2167	4976	7171	0.0	2405
contig.00002	PX949885.1	86.915	2201	219	44	1	2167	558	2723	0.0	2405
contig.00002	MT307417.1	86.836	2203	229	38	1	2167	732	2909	0.0	2405
contig.00002	MT033732.1	86.933	2204	210	53	1	2167	750	2912	0.0	2403
contig.00002	MT033278.1	86.721	2214	232	41	1	2167	695	2893	0.0	2403
contig.00002	PX949882.1	86.933	2204	210	49	1	2167	2369	4531	0.0	2403
contig.00002	MT033868.1	86.718	2221	222	54	1	2167	1201	3402	0.0	2399
contig.00002	MT033863.1	86.718	2221	222	54	1	2167	1202	3403	0.0	2399
contig.00002	MH843879.1	86.709	2212	233	45	1	2167	4973	7168	0.0	2399
contig.00002	KY778402.1	86.709	2212	233	45	1	2167	4994	7189	0.0	2399
contig.00002	OK532503.1	86.858	2199	223	43	1	2167	4842	7006	0.0	2399
contig.00002	AY423387.1	86.811	2214	215	56	1	2167	5220	7403	0.0	2399
contig.00002	MN237644.1	86.732	2231	206	61	1	2167	4866	7070	0.0	2398
contig.00002	MK384858.1	86.661	2219	230	48	1	2167	3565	5769	0.0	2398
contig.00002	OK533268.1	86.709	2212	230	38	1	2167	4842	7034	0.0	2398
contig.00002	OK533202.1	86.709	2212	230	37	1	2167	4842	7034	0.0	2398
contig.00002	MW059383.1	86.682	2215	231	44	1	2167	4035	6233	0.0	2398
contig.00002	MW059381.1	86.682	2215	231	44	1	2167	4038	6236	0.0	2398
contig.00002	MW059369.1	86.682	2215	231	44	1	2167	4037	6235	0.0	2398
contig.00002	MW059362.1	86.682	2215	231	44	1	2167	4038	6236	0.0	2398
contig.00002	MW059360.1	86.682	2215	231	44	1	2167	4038	6236	0.0	2398
contig.00002	MW059349.1	86.682	2215	231	44	1	2167	4038	6236	0.0	2398
contig.00002	MW059323.1	86.682	2215	231	44	1	2167	4023	6221	0.0	2398
contig.00002	MW059302.1	86.682	2215	231	44	1	2167	4038	6236	0.0	2398
contig.00002	MT033875.1	86.673	2221	223	54	1	2167	1201	3402	0.0	2394
contig.00002	PV738257.1	86.763	2206	225	48	1	2167	5010	7187	0.0	2394
contig.00002	PV738254.1	86.763	2206	225	48	1	2167	5010	7187	0.0	2394
contig.00002	PV738253.1	86.763	2206	225	48	1	2167	5010	7187	0.0	2394
contig.00002	ON816192.1	86.739	2217	217	48	1	2167	4361	6550	0.0	2394
contig.00002	MT307444.1	86.694	2202	240	34	1	2167	611	2794	0.0	2394
contig.00002	MT307423.1	86.721	2199	239	32	1	2167	732	2909	0.0	2394
contig.00002	U39362.2	86.763	2206	225	48	1	2167	5654	7831	0.0	2394
contig.00002	M17449.1	86.715	2213	225	43	1	2167	5670	7859	0.0	2394
contig.00002	ON816584.1	86.727	2215	218	52	1	2164	4987	7176	0.0	2392
contig.00002	OK533236.1	86.676	2214	228	40	1	2167	4842	7035	0.0	2392
contig.00002	PX950203.1	86.676	2214	227	42	1	2167	2198	4390	0.0	2392
contig.00002	MT307443.1	86.727	2200	234	38	1	2167	611	2785	0.0	2392
contig.00002	MT307424.1	86.694	2202	237	36	1	2167	732	2912	0.0	2392
contig.00002	MT307418.1	86.694	2202	237	35	1	2167	732	2912	0.0	2392
contig.00002	MT033866.1	86.691	2209	229	51	1	2167	4419	6604	0.0	2390
contig.00002	MT033870.1	86.628	2221	224	53	1	2167	4929	7130	0.0	2388
contig.00002	MT033867.1	86.628	2221	224	53	1	2167	4932	7133	0.0	2388
contig.00002	MT033865.1	86.628	2221	224	53	1	2167	4927	7128	0.0	2388
contig.00002	MN887621.1	86.670	2213	225	44	1	2167	4937	7125	0.0	2388
contig.00002	MN887616.1	86.670	2213	225	44	1	2167	4937	7125	0.0	2388
contig.00002	MN887615.1	86.670	2213	225	44	1	2167	4937	7125	0.0	2388
contig.00002	MN887609.1	86.670	2213	225	44	1	2167	4937	7125	0.0	2388
contig.00002	PV738256.1	86.718	2206	226	48	1	2167	5010	7187	0.0	2388
contig.00002	PV738255.1	86.718	2206	226	48	1	2167	5010	7187	0.0	2388
contig.00002	MG171203.1	86.651	2195	248	34	1	2167	5001	7178	0.0	2388
contig.00002	OK532491.1	86.715	2213	219	43	1	2167	4851	7034	0.0	2388
contig.00002	OK532479.1	86.676	2214	224	43	1	2167	4851	7040	0.0	2388
contig.00002	OK532458.1	86.715	2213	218	48	1	2167	4841	7023	0.0	2388
contig.00002	OM177138.1	86.797	2204	216	51	1	2167	1189	3354	0.0	2388
contig.00002	OK533227.1	86.715	2213	219	49	1	2167	4842	7025	0.0	2388
contig.00002	MT033331.1	86.586	2229	219	55	1	2167	744	2954	0.0	2386
contig.00002	MT033317.1	86.712	2205	225	42	1	2167	750	2924	0.0	2386
contig.00002	MK383970.1	86.604	2217	229	50	1	2167	7790	5592	0.0	2386
contig.00002	OM209656.1	86.604	2217	229	45	1	2167	4992	7190	0.0	2386
contig.00002	OK532477.1	86.618	2212	232	38	1	2167	4842	7034	0.0	2386
contig.00002	OK532461.1	86.618	2212	232	38	1	2167	4851	7043	0.0	2386
contig.00002	PX949336.1	86.622	2220	223	52	1	2167	5083	7281	0.0	2386
contig.00002	JF689854.1	86.673	2206	230	45	1	2167	4857	7037	0.0	2386
contig.00002	MT307888.1	86.697	2210	220	48	3	2167	611	2791	0.0	2385
contig.00002	MN887614.1	86.624	2213	226	44	1	2167	4936	7124	0.0	2383
contig.00002	MN887613.1	86.624	2213	226	44	1	2167	4936	7124	0.0	2383
contig.00002	KY628221.1	86.549	2208	239	37	1	2167	5043	7233	0.0	2383
contig.00002	OR737113.1	86.658	2211	224	47	1	2167	4808	6991	0.0	2383
contig.00002	OM209957.1	86.631	2214	225	48	1	2167	5004	7193	0.0	2383
contig.00002	OK532487.1	86.624	2213	227	42	1	2167	4842	7031	0.0	2383
contig.00002	MT307420.1	86.636	2200	239	34	1	2167	732	2909	0.0	2383
contig.00002	MT307408.1	86.636	2200	239	33	1	2167	732	2909	0.0	2383
contig.00002	MT307405.1	86.636	2200	239	34	1	2167	732	2909	0.0	2383
contig.00002	MT033301.1	86.534	2213	238	39	1	2167	4919	7117	0.0	2381
contig.00002	MT033258.1	86.534	2213	238	39	1	2167	4952	7150	0.0	2381
contig.00002	MK384034.1	86.502	2230	225	47	1	2167	1351	3567	0.0	2381
contig.00002	OK532519.1	86.612	2211	229	41	1	2164	4843	7033	0.0	2381
contig.00002	OK532478.1	86.631	2214	223	49	1	2167	4842	7029	0.0	2381
contig.00002	OK533223.1	86.639	2208	227	37	1	2167	4842	7022	0.0	2381
contig.00002	OR246421.1	86.679	2207	220	46	3	2167	4160	6334	0.0	2379
contig.00002	OK532504.1	86.591	2215	225	44	1	2167	4842	7032	0.0	2379
contig.00002	KJ925006.1	86.673	2221	206	61	1	2167	5691	7875	0.0	2379
contig.00002	MN887612.1	86.579	2213	227	44	1	2167	4936	7124	0.0	2377
contig.00002	MK385460.1	86.537	2206	242	37	1	2167	1411	3600	0.0	2377
contig.00002	KU685591.1	86.399	2213	241	39	1	2167	5088	7286	0.0	2377
contig.00002	OK533180.1	86.612	2211	225	45	1	2167	4842	7025	0.0	2377
contig.00002	PX949339.1	86.561	2210	234	49	1	2167	4070	6259	0.0	2377
contig.00002	MT307440.1	86.585	2199	242	33	1	2167	611	2788	0.0	2377
contig.00002	MT307415.1	86.591	2200	240	34	1	2167	732	2909	0.0	2377
contig.00002	AY751406.1	86.283	2209	245	36	1	2167	5159	7351	0.0	2377
contig.00002	PX241933.1	86.664	2212	214	56	1	2167	4928	7103	0.0	2375
contig.00002	MN887622.1	86.558	2217	225	46	1	2167	4936	7129	0.0	2375
contig.00002	OK532512.1	86.528	2212	234	37	1	2167	4410	6602	0.0	2375
contig.00002	OK533208.1	86.573	2212	227	44	1	2167	4842	7028	0.0	2375
contig.00002	PX950678.1	86.588	2207	230	47	1	2167	1248	3428	0.0	2375
contig.00002	MT307426.1	86.564	2203	238	38	1	2167	732	2912	0.0	2375
contig.00002	PV026978.1	86.522	2211	234	47	3	2167	2278	4470	0.0	2374
contig.00002	OK533257.1	86.573	2212	225	46	1	2167	4851	7035	0.0	2374
contig.00002	MT033338.1	86.525	2219	224	45	1	2167	750	2945	0.0	2372
contig.00002	MT033248.1	86.525	2219	224	45	1	2167	4553	6748	0.0	2372
contig.00002	MT033243.1	86.525	2219	224	45	1	2167	4553	6748	0.0	2372
contig.00002	MG571999.1	86.555	2209	230	42	1	2167	5017	7200	0.0	2372
contig.00002	OK532535.1	86.540	2214	227	42	1	2167	4842	7031	0.0	2372
contig.00002	OK533277.1	86.579	2213	222	47	1	2167	4842	7025	0.0	2372
contig.00002	MZ662738.1	86.600	2209	223	49	1	2167	1892	4069	0.0	2372
contig.00002	MT307411.1	86.545	2200	241	34	1	2167	732	2909	0.0	2372
contig.00002	AY331291.1	86.679	2207	213	47	1	2167	4860	7025	0.0	2372
contig.00002	MN887608.1	86.534	2213	227	45	1	2167	4936	7123	0.0	2370
contig.00002	ON816252.1	86.646	2209	213	49	1	2167	2311	4479	0.0	2370
contig.00002	OK532456.1	86.477	2211	237	35	1	2167	4842	7034	0.0	2370
contig.00002	MW881714.1	86.600	2209	220	57	1	2167	4670	6844	0.0	2370
contig.00002	PX950194.1	86.573	2212	221	52	1	2167	4820	7000	0.0	2370
contig.00002	OK532486.1	86.534	2213	224	48	1	2167	4851	7035	0.0	2368
contig.00002	OK533265.1	86.540	2214	222	48	1	2167	4842	7026	0.0	2368
contig.00002	GU562092.1	86.609	2203	223	45	3	2167	691	2859	0.0	2368
contig.00002	K02083.1	86.595	2223	204	64	1	2167	5700	7884	0.0	2368
contig.00002	MT033344.1	86.423	2217	236	42	1	2167	4943	7144	0.0	2366
contig.00002	MT033299.1	86.423	2217	236	43	1	2167	4101	6302	0.0	2366
contig.00002	MT033261.1	86.423	2217	236	43	1	2167	4087	6288	0.0	2366
contig.00002	MN887611.1	86.489	2213	229	44	1	2167	4936	7124	0.0	2366
contig.00002	MK385514.1	86.399	2213	244	38	1	2167	5074	7275	0.0	2366
contig.00002	ON816634.1	86.597	2201	226	49	1	2167	4417	6582	0.0	2366
contig.00002	MZ868494.1	86.603	2202	224	48	1	2167	5604	7769	0.0	2366
contig.00002	MZ868493.1	86.603	2202	224	48	1	2167	5604	7769	0.0	2366
contig.00002	MZ868458.1	86.462	2216	231	41	1	2167	5608	7803	0.0	2366
contig.00002	MZ868454.1	86.462	2216	231	41	1	2167	5609	7804	0.0	2366
contig.00002	OK532538.1	86.501	2215	226	42	1	2164	4841	7033	0.0	2366
contig.00002	OK532501.1	86.534	2213	223	47	1	2167	3348	5531	0.0	2366
contig.00002	MZ662740.1	86.474	2218	227	47	1	2167	4894	7089	0.0	2366
contig.00002	JQ686832.1	86.571	2219	211	56	1	2167	5655	7838	0.0	2366
contig.00002	MT745568.1	86.462	2216	231	41	1	2167	4912	7107	0.0	2366
contig.00002	JQ585717.1	86.571	2219	211	56	1	2167	5655	7838	0.0	2366
contig.00002	MT307404.1	86.494	2199	244	33	1	2167	732	2909	0.0	2366
contig.00002	EU541617.1	86.571	2219	211	56	1	2167	5201	7384	0.0	2366
contig.00002	KY968401.1	86.633	2207	212	57	1	2167	4861	7024	0.0	2364
contig.00002	OK532529.1	86.438	2212	236	37	1	2167	4842	7034	0.0	2364
contig.00002	OK533217.1	86.489	2213	228	45	1	2167	4842	7029	0.0	2364
contig.00002	MW079479.1	86.550	2223	208	60	1	2167	5655	7842	0.0	2364
contig.00002	MT307433.1	86.473	2203	240	35	1	2167	732	2912	0.0	2364
contig.00002	FJ469704.1	86.454	2222	223	59	1	2167	4887	7085	0.0	2364
contig.00002	NC_001802.1	86.550	2223	208	60	1	2167	5201	7388	0.0	2364
contig.00002	Z11530.1	86.612	2211	211	58	1	2167	5695	7864	0.0	2364
contig.00002	OK532509.1	86.495	2214	223	48	1	2167	4842	7026	0.0	2362
contig.00002	PX948851.1	86.448	2221	224	52	1	2167	1132	3329	0.0	2362
contig.00002	GU562085.1	86.555	2209	219	48	3	2167	691	2865	0.0	2362
contig.00002	MT033290.1	86.510	2209	225	44	1	2167	749	2926	0.0	2361
contig.00002	MK384870.1	86.372	2216	239	46	1	2167	5065	7266	0.0	2361
contig.00002	MF373130.1	86.419	2231	216	61	1	2167	4866	7073	0.0	2361
contig.00002	KJ849822.1	86.531	2205	226	41	1	2167	2634	4805	0.0	2361
contig.00002	OK532507.1	86.483	2212	226	46	1	2167	4842	7025	0.0	2361
contig.00002	OK532469.1	86.477	2211	228	45	1	2167	4842	7025	0.0	2361
contig.00002	OK532466.1	86.477	2211	228	43	1	2167	4842	7025	0.0	2361
contig.00002	OK532464.1	86.477	2211	228	43	1	2167	4852	7035	0.0	2361
contig.00002	OK533264.1	86.495	2214	222	48	1	2167	4842	7025	0.0	2361
contig.00002	OK533259.1	86.495	2214	222	49	1	2167	4775	6958	0.0	2361
contig.00002	OK533190.1	86.483	2212	226	44	1	2167	4841	7024	0.0	2361
contig.00002	MT307410.1	86.448	2199	245	32	1	2167	732	2909	0.0	2361
contig.00002	FJ469750.1	86.431	2211	235	35	1	2167	4880	7069	0.0	2361
contig.00002	MN919177.1	86.505	2223	209	60	1	2167	5655	7842	0.0	2359
contig.00002	PV028668.1	86.396	2220	229	52	3	2167	5071	7272	0.0	2359
contig.00002	KY968397.1	86.543	2207	220	46	1	2167	4861	7030	0.0	2359
contig.00002	OR661092.1	86.504	2208	224	54	3	2167	4924	7100	0.0	2359
contig.00002	OK533260.1	86.419	2209	236	38	1	2164	4842	7031	0.0	2359
contig.00002	MZ662742.1	86.396	2220	228	46	1	2167	2327	4525	0.0	2359
contig.00002	K03455.1	86.505	2223	209	60	1	2167	5655	7842	0.0	2359
contig.00002	AY713412.1	86.489	2213	218	55	1	2167	4860	7037	0.0	2359
contig.00002	KT124807.1	86.479	2204	230	50	3	2167	4872	7046	0.0	2357
contig.00002	OK532483.1	86.444	2213	226	45	1	2167	4842	7026	0.0	2357
contig.00002	MZ662674.1	86.400	2228	217	49	3	2167	4907	7111	0.0	2357
contig.00002	GU562103.1	86.528	2212	214	55	3	2167	691	2865	0.0	2357
contig.00002	GU562101.1	86.504	2208	222	46	3	2167	691	2865	0.0	2357
contig.00002	OR736917.1	86.448	2221	216	54	1	2167	1380	3569	0.0	2355
contig.00002	KT124754.1	86.407	2207	237	46	1	2167	4863	7046	0.0	2355
contig.00002	OK532530.1	86.431	2211	229	46	1	2167	4851	7034	0.0	2355
contig.00002	OK532484.1	86.431	2211	229	48	1	2167	4842	7025	0.0	2355
contig.00002	OK533242.1	86.450	2214	223	49	1	2167	4842	7025	0.0	2355
contig.00002	OK533241.1	86.431	2211	229	43	1	2167	4842	7025	0.0	2355
contig.00002	OK533207.1	86.438	2212	227	45	1	2167	4815	6998	0.0	2355
contig.00002	KT259314.1	86.403	2221	220	56	1	2167	5506	7698	0.0	2353
contig.00002	KT284372.1	86.512	2202	224	49	3	2167	5538	7703	0.0	2353
contig.00002	MT307427.1	86.355	2206	243	36	1	2167	732	2918	0.0	2353
contig.00002	FJ469685.1	86.421	2202	238	49	3	2167	4883	7060	0.0	2353
contig.00002	ON816563.1	86.366	2215	231	53	1	2167	4770	6961	0.0	2351
contig.00002	OK533193.1	86.405	2214	225	50	1	2167	4842	7026	0.0	2351
contig.00002	MZ662712.1	86.382	2225	217	66	1	2167	4921	7117	0.0	2351
contig.00002	MT307409.1	86.343	2204	245	39	1	2167	731	2915	0.0	2351
contig.00002	GU562095.1	86.471	2210	219	50	3	2167	691	2865	0.0	2351
contig.00002	GU562094.1	86.458	2208	223	52	3	2167	691	2865	0.0	2351
contig.00002	GU562090.1	86.471	2210	219	50	3	2167	691	2865	0.0	2351
contig.00002	GU562087.1	86.458	2208	223	46	3	2167	691	2865	0.0	2351
contig.00002	PP597456.1	88.051	2042	168	59	159	2167	5571	7569	0.0	2350
contig.00002	OK532465.1	86.399	2213	226	50	1	2167	4851	7034	0.0	2350
contig.00002	OK532451.1	86.415	2201	236	39	1	2167	4845	7016	0.0	2350
contig.00002	MZ662580.1	86.413	2208	229	50	1	2167	5003	7180	0.0	2350
contig.00002	HM469978.1	86.357	2221	221	56	1	2167	5667	7859	0.0	2350
contig.00002	FJ496179.1	86.479	2204	223	53	1	2167	5082	7247	0.0	2350
contig.00002	AF075719.1	86.360	2214	230	45	1	2167	5678	7866	0.0	2350
contig.00002	OR246450.1	86.384	2218	221	50	3	2167	2681	4870	0.0	2348
contig.00002	OK532438.1	86.370	2201	240	39	1	2167	4845	7019	0.0	2348
contig.00002	PX950670.1	86.341	2211	234	49	1	2167	1605	3791	0.0	2348
contig.00002	PX950104.1	86.469	2195	231	45	1	2167	1740	3896	0.0	2348
contig.00002	KJ704787.1	84.379	2215	276	41	1	2167	5035	7227	0.0	2289
contig.00002	MZ427718.1	85.346	2211	253	46	1	2167	4961	7144	0.0	2285
